[  265640ms] [WARNING] The resource http://localhost:3000/_next/static/chunks/%5Broot-of-the-server%5D__0n99re6._.css was preloaded using link preload but not used within a few seconds from the window's load event. Please make sure it has an appropriate `as` value and it is preloaded intentionally. @ http://localhost:3000/:0
[  269566ms] [WARNING] The resource http://localhost:3000/_next/static/chunks/%5Broot-of-the-server%5D__0n99re6._.css was preloaded using link preload but not used within a few seconds from the window's load event. Please make sure it has an appropriate `as` value and it is preloaded intentionally. @ http://localhost:3000/:0
[  273603ms] [WARNING] The resource http://localhost:3000/_next/static/chunks/%5Broot-of-the-server%5D__0n99re6._.css was preloaded using link preload but not used within a few seconds from the window's load event. Please make sure it has an appropriate `as` value and it is preloaded intentionally. @ http://localhost:3000/:0
[  277562ms] [WARNING] The resource http://localhost:3000/_next/static/chunks/%5Broot-of-the-server%5D__0n99re6._.css was preloaded using link preload but not used within a few seconds from the window's load event. Please make sure it has an appropriate `as` value and it is preloaded intentionally. @ http://localhost:3000/:0
[  281529ms] [WARNING] The resource http://localhost:3000/_next/static/chunks/%5Broot-of-the-server%5D__0n99re6._.css was preloaded using link preload but not used within a few seconds from the window's load event. Please make sure it has an appropriate `as` value and it is preloaded intentionally. @ http://localhost:3000/:0
[  285537ms] [WARNING] The resource http://localhost:3000/_next/static/chunks/%5Broot-of-the-server%5D__0n99re6._.css was preloaded using link preload but not used within a few seconds from the window's load event. Please make sure it has an appropriate `as` value and it is preloaded intentionally. @ http://localhost:3000/:0
[  289595ms] [WARNING] The resource http://localhost:3000/_next/static/chunks/%5Broot-of-the-server%5D__0n99re6._.css was preloaded using link preload but not used within a few seconds from the window's load event. Please make sure it has an appropriate `as` value and it is preloaded intentionally. @ http://localhost:3000/:0
[  294169ms] [WARNING] The resource http://localhost:3000/_next/static/chunks/%5Broot-of-the-server%5D__0n99re6._.css was preloaded using link preload but not used within a few seconds from the window's load event. Please make sure it has an appropriate `as` value and it is preloaded intentionally. @ http://localhost:3000/:0
[  297519ms] [WARNING] The resource http://localhost:3000/_next/static/chunks/%5Broot-of-the-server%5D__0n99re6._.css was preloaded using link preload but not used within a few seconds from the window's load event. Please make sure it has an appropriate `as` value and it is preloaded intentionally. @ http://localhost:3000/:0
[  301509ms] [WARNING] The resource http://localhost:3000/_next/static/chunks/%5Broot-of-the-server%5D__0n99re6._.css was preloaded using link preload but not used within a few seconds from the window's load event. Please make sure it has an appropriate `as` value and it is preloaded intentionally. @ http://localhost:3000/:0
[  305615ms] [WARNING] The resource http://localhost:3000/_next/static/chunks/%5Broot-of-the-server%5D__0n99re6._.css was preloaded using link preload but not used within a few seconds from the window's load event. Please make sure it has an appropriate `as` value and it is preloaded intentionally. @ http://localhost:3000/:0
[  309606ms] [WARNING] The resource http://localhost:3000/_next/static/chunks/%5Broot-of-the-server%5D__0n99re6._.css was preloaded using link preload but not used within a few seconds from the window's load event. Please make sure it has an appropriate `as` value and it is preloaded intentionally. @ http://localhost:3000/:0
[  313565ms] [WARNING] The resource http://localhost:3000/_next/static/chunks/%5Broot-of-the-server%5D__0n99re6._.css was preloaded using link preload but not used within a few seconds from the window's load event. Please make sure it has an appropriate `as` value and it is preloaded intentionally. @ http://localhost:3000/:0
[  317539ms] [WARNING] The resource http://localhost:3000/_next/static/chunks/%5Broot-of-the-server%5D__0n99re6._.css was preloaded using link preload but not used within a few seconds from the window's load event. Please make sure it has an appropriate `as` value and it is preloaded intentionally. @ http://localhost:3000/:0
[  321537ms] [WARNING] The resource http://localhost:3000/_next/static/chunks/%5Broot-of-the-server%5D__0n99re6._.css was preloaded using link preload but not used within a few seconds from the window's load event. Please make sure it has an appropriate `as` value and it is preloaded intentionally. @ http://localhost:3000/:0
[  325620ms] [WARNING] The resource http://localhost:3000/_next/static/chunks/%5Broot-of-the-server%5D__0n99re6._.css was preloaded using link preload but not used within a few seconds from the window's load event. Please make sure it has an appropriate `as` value and it is preloaded intentionally. @ http://localhost:3000/:0
[  329595ms] [WARNING] The resource http://localhost:3000/_next/static/chunks/%5Broot-of-the-server%5D__0n99re6._.css was preloaded using link preload but not used within a few seconds from the window's load event. Please make sure it has an appropriate `as` value and it is preloaded intentionally. @ http://localhost:3000/:0
[  333588ms] [WARNING] The resource http://localhost:3000/_next/static/chunks/%5Broot-of-the-server%5D__0n99re6._.css was preloaded using link preload but not used within a few seconds from the window's load event. Please make sure it has an appropriate `as` value and it is preloaded intentionally. @ http://localhost:3000/:0
[  337531ms] [WARNING] The resource http://localhost:3000/_next/static/chunks/%5Broot-of-the-server%5D__0n99re6._.css was preloaded using link preload but not used within a few seconds from the window's load event. Please make sure it has an appropriate `as` value and it is preloaded intentionally. @ http://localhost:3000/:0
[  341548ms] [WARNING] The resource http://localhost:3000/_next/static/chunks/%5Broot-of-the-server%5D__0n99re6._.css was preloaded using link preload but not used within a few seconds from the window's load event. Please make sure it has an appropriate `as` value and it is preloaded intentionally. @ http://localhost:3000/:0
[  345613ms] [WARNING] The resource http://localhost:3000/_next/static/chunks/%5Broot-of-the-server%5D__0n99re6._.css was preloaded using link preload but not used within a few seconds from the window's load event. Please make sure it has an appropriate `as` value and it is preloaded intentionally. @ http://localhost:3000/:0
[  349549ms] [WARNING] The resource http://localhost:3000/_next/static/chunks/%5Broot-of-the-server%5D__0n99re6._.css was preloaded using link preload but not used within a few seconds from the window's load event. Please make sure it has an appropriate `as` value and it is preloaded intentionally. @ http://localhost:3000/:0
[  353524ms] [WARNING] The resource http://localhost:3000/_next/static/chunks/%5Broot-of-the-server%5D__0n99re6._.css was preloaded using link preload but not used within a few seconds from the window's load event. Please make sure it has an appropriate `as` value and it is preloaded intentionally. @ http://localhost:3000/:0
[  357563ms] [WARNING] The resource http://localhost:3000/_next/static/chunks/%5Broot-of-the-server%5D__0n99re6._.css was preloaded using link preload but not used within a few seconds from the window's load event. Please make sure it has an appropriate `as` value and it is preloaded intentionally. @ http://localhost:3000/:0
[  361536ms] [WARNING] The resource http://localhost:3000/_next/static/chunks/%5Broot-of-the-server%5D__0n99re6._.css was preloaded using link preload but not used within a few seconds from the window's load event. Please make sure it has an appropriate `as` value and it is preloaded intentionally. @ http://localhost:3000/:0
[  365601ms] [WARNING] The resource http://localhost:3000/_next/static/chunks/%5Broot-of-the-server%5D__0n99re6._.css was preloaded using link preload but not used within a few seconds from the window's load event. Please make sure it has an appropriate `as` value and it is preloaded intentionally. @ http://localhost:3000/:0
[  369559ms] [WARNING] The resource http://localhost:3000/_next/static/chunks/%5Broot-of-the-server%5D__0n99re6._.css was preloaded using link preload but not used within a few seconds from the window's load event. Please make sure it has an appropriate `as` value and it is preloaded intentionally. @ http://localhost:3000/:0
[  373928ms] [WARNING] The resource http://localhost:3000/_next/static/chunks/%5Broot-of-the-server%5D__0n99re6._.css was preloaded using link preload but not used within a few seconds from the window's load event. Please make sure it has an appropriate `as` value and it is preloaded intentionally. @ http://localhost:3000/:0
[  377522ms] [WARNING] The resource http://localhost:3000/_next/static/chunks/%5Broot-of-the-server%5D__0n99re6._.css was preloaded using link preload but not used within a few seconds from the window's load event. Please make sure it has an appropriate `as` value and it is preloaded intentionally. @ http://localhost:3000/:0
[  381509ms] [WARNING] The resource http://localhost:3000/_next/static/chunks/%5Broot-of-the-server%5D__0n99re6._.css was preloaded using link preload but not used within a few seconds from the window's load event. Please make sure it has an appropriate `as` value and it is preloaded intentionally. @ http://localhost:3000/:0
[  385617ms] [WARNING] The resource http://localhost:3000/_next/static/chunks/%5Broot-of-the-server%5D__0n99re6._.css was preloaded using link preload but not used within a few seconds from the window's load event. Please make sure it has an appropriate `as` value and it is preloaded intentionally. @ http://localhost:3000/:0
[  389564ms] [WARNING] The resource http://localhost:3000/_next/static/chunks/%5Broot-of-the-server%5D__0n99re6._.css was preloaded using link preload but not used within a few seconds from the window's load event. Please make sure it has an appropriate `as` value and it is preloaded intentionally. @ http://localhost:3000/:0
[  393603ms] [WARNING] The resource http://localhost:3000/_next/static/chunks/%5Broot-of-the-server%5D__0n99re6._.css was preloaded using link preload but not used within a few seconds from the window's load event. Please make sure it has an appropriate `as` value and it is preloaded intentionally. @ http://localhost:3000/:0
[  397559ms] [WARNING] The resource http://localhost:3000/_next/static/chunks/%5Broot-of-the-server%5D__0n99re6._.css was preloaded using link preload but not used within a few seconds from the window's load event. Please make sure it has an appropriate `as` value and it is preloaded intentionally. @ http://localhost:3000/:0
[  401549ms] [WARNING] The resource http://localhost:3000/_next/static/chunks/%5Broot-of-the-server%5D__0n99re6._.css was preloaded using link preload but not used within a few seconds from the window's load event. Please make sure it has an appropriate `as` value and it is preloaded intentionally. @ http://localhost:3000/:0
[  405938ms] [WARNING] The resource http://localhost:3000/_next/static/chunks/%5Broot-of-the-server%5D__0n99re6._.css was preloaded using link preload but not used within a few seconds from the window's load event. Please make sure it has an appropriate `as` value and it is preloaded intentionally. @ http://localhost:3000/:0
[  409630ms] [WARNING] The resource http://localhost:3000/_next/static/chunks/%5Broot-of-the-server%5D__0n99re6._.css was preloaded using link preload but not used within a few seconds from the window's load event. Please make sure it has an appropriate `as` value and it is preloaded intentionally. @ http://localhost:3000/:0
[  413577ms] [WARNING] The resource http://localhost:3000/_next/static/chunks/%5Broot-of-the-server%5D__0n99re6._.css was preloaded using link preload but not used within a few seconds from the window's load event. Please make sure it has an appropriate `as` value and it is preloaded intentionally. @ http://localhost:3000/:0
[  417515ms] [WARNING] The resource http://localhost:3000/_next/static/chunks/%5Broot-of-the-server%5D__0n99re6._.css was preloaded using link preload but not used within a few seconds from the window's load event. Please make sure it has an appropriate `as` value and it is preloaded intentionally. @ http://localhost:3000/:0
[  421579ms] [WARNING] The resource http://localhost:3000/_next/static/chunks/%5Broot-of-the-server%5D__0n99re6._.css was preloaded using link preload but not used within a few seconds from the window's load event. Please make sure it has an appropriate `as` value and it is preloaded intentionally. @ http://localhost:3000/:0
[  425604ms] [WARNING] The resource http://localhost:3000/_next/static/chunks/%5Broot-of-the-server%5D__0n99re6._.css was preloaded using link preload but not used within a few seconds from the window's load event. Please make sure it has an appropriate `as` value and it is preloaded intentionally. @ http://localhost:3000/:0
[  429590ms] [WARNING] The resource http://localhost:3000/_next/static/chunks/%5Broot-of-the-server%5D__0n99re6._.css was preloaded using link preload but not used within a few seconds from the window's load event. Please make sure it has an appropriate `as` value and it is preloaded intentionally. @ http://localhost:3000/:0
[  433577ms] [WARNING] The resource http://localhost:3000/_next/static/chunks/%5Broot-of-the-server%5D__0n99re6._.css was preloaded using link preload but not used within a few seconds from the window's load event. Please make sure it has an appropriate `as` value and it is preloaded intentionally. @ http://localhost:3000/:0
[  437525ms] [WARNING] The resource http://localhost:3000/_next/static/chunks/%5Broot-of-the-server%5D__0n99re6._.css was preloaded using link preload but not used within a few seconds from the window's load event. Please make sure it has an appropriate `as` value and it is preloaded intentionally. @ http://localhost:3000/:0
[  441553ms] [WARNING] The resource http://localhost:3000/_next/static/chunks/%5Broot-of-the-server%5D__0n99re6._.css was preloaded using link preload but not used within a few seconds from the window's load event. Please make sure it has an appropriate `as` value and it is preloaded intentionally. @ http://localhost:3000/:0
[  445616ms] [WARNING] The resource http://localhost:3000/_next/static/chunks/%5Broot-of-the-server%5D__0n99re6._.css was preloaded using link preload but not used within a few seconds from the window's load event. Please make sure it has an appropriate `as` value and it is preloaded intentionally. @ http://localhost:3000/:0
[  449546ms] [WARNING] The resource http://localhost:3000/_next/static/chunks/%5Broot-of-the-server%5D__0n99re6._.css was preloaded using link preload but not used within a few seconds from the window's load event. Please make sure it has an appropriate `as` value and it is preloaded intentionally. @ http://localhost:3000/:0
[  453614ms] [WARNING] The resource http://localhost:3000/_next/static/chunks/%5Broot-of-the-server%5D__0n99re6._.css was preloaded using link preload but not used within a few seconds from the window's load event. Please make sure it has an appropriate `as` value and it is preloaded intentionally. @ http://localhost:3000/:0
[  457545ms] [WARNING] The resource http://localhost:3000/_next/static/chunks/%5Broot-of-the-server%5D__0n99re6._.css was preloaded using link preload but not used within a few seconds from the window's load event. Please make sure it has an appropriate `as` value and it is preloaded intentionally. @ http://localhost:3000/:0
[  461549ms] [WARNING] The resource http://localhost:3000/_next/static/chunks/%5Broot-of-the-server%5D__0n99re6._.css was preloaded using link preload but not used within a few seconds from the window's load event. Please make sure it has an appropriate `as` value and it is preloaded intentionally. @ http://localhost:3000/:0
[  465646ms] [WARNING] The resource http://localhost:3000/_next/static/chunks/%5Broot-of-the-server%5D__0n99re6._.css was preloaded using link preload but not used within a few seconds from the window's load event. Please make sure it has an appropriate `as` value and it is preloaded intentionally. @ http://localhost:3000/:0
[  469646ms] [WARNING] The resource http://localhost:3000/_next/static/chunks/%5Broot-of-the-server%5D__0n99re6._.css was preloaded using link preload but not used within a few seconds from the window's load event. Please make sure it has an appropriate `as` value and it is preloaded intentionally. @ http://localhost:3000/:0
[  473542ms] [WARNING] The resource http://localhost:3000/_next/static/chunks/%5Broot-of-the-server%5D__0n99re6._.css was preloaded using link preload but not used within a few seconds from the window's load event. Please make sure it has an appropriate `as` value and it is preloaded intentionally. @ http://localhost:3000/:0
[  477556ms] [WARNING] The resource http://localhost:3000/_next/static/chunks/%5Broot-of-the-server%5D__0n99re6._.css was preloaded using link preload but not used within a few seconds from the window's load event. Please make sure it has an appropriate `as` value and it is preloaded intentionally. @ http://localhost:3000/:0
[  481551ms] [WARNING] The resource http://localhost:3000/_next/static/chunks/%5Broot-of-the-server%5D__0n99re6._.css was preloaded using link preload but not used within a few seconds from the window's load event. Please make sure it has an appropriate `as` value and it is preloaded intentionally. @ http://localhost:3000/:0
[  485772ms] [WARNING] The resource http://localhost:3000/_next/static/chunks/%5Broot-of-the-server%5D__0n99re6._.css was preloaded using link preload but not used within a few seconds from the window's load event. Please make sure it has an appropriate `as` value and it is preloaded intentionally. @ http://localhost:3000/:0
[  489461ms] [LOG] [Fast Refresh] rebuilding @ http://localhost:3000/_next/static/chunks/node_modules_next_dist_115brz8._.js:2477
[  489584ms] [WARNING] The resource http://localhost:3000/_next/static/chunks/%5Broot-of-the-server%5D__0n99re6._.css was preloaded using link preload but not used within a few seconds from the window's load event. Please make sure it has an appropriate `as` value and it is preloaded intentionally. @ http://localhost:3000/:0
[  493595ms] [WARNING] The resource http://localhost:3000/_next/static/chunks/%5Broot-of-the-server%5D__0n99re6._.css was preloaded using link preload but not used within a few seconds from the window's load event. Please make sure it has an appropriate `as` value and it is preloaded intentionally. @ http://localhost:3000/:0
[  499132ms] [LOG] [Fast Refresh] done in 7240ms @ http://localhost:3000/_next/static/chunks/node_modules_next_dist_115brz8._.js:2477
[  501880ms] [LOG] [Fast Refresh] rebuilding @ http://localhost:3000/_next/static/chunks/node_modules_next_dist_115brz8._.js:2477
[  501881ms] [WARNING] The resource http://localhost:3000/_next/static/chunks/%5Broot-of-the-server%5D__0n99re6._.css was preloaded using link preload but not used within a few seconds from the window's load event. Please make sure it has an appropriate `as` value and it is preloaded intentionally. @ http://localhost:3000/:0
[  503141ms] [LOG] [Fast Refresh] done in 3975ms @ http://localhost:3000/_next/static/chunks/node_modules_next_dist_115brz8._.js:2477
[  512716ms] [INFO] %cDownload the React DevTools for a better development experience: https://react.dev/link/react-devtools font-weight:bold @ http://localhost:3000/_next/static/chunks/node_modules_next_dist_115brz8._.js:2477
[  512951ms] [LOG] [HMR] connected @ http://localhost:3000/_next/static/chunks/node_modules_next_dist_115brz8._.js:2477
[  515087ms] [LOG] [Fast Refresh] rebuilding @ http://localhost:3000/_next/static/chunks/node_modules_next_dist_115brz8._.js:2477
[  515505ms] [LOG] [Fast Refresh] done in 525ms @ http://localhost:3000/_next/static/chunks/node_modules_next_dist_115brz8._.js:2477
[  515835ms] [ERROR] Failed to load resource: the server responded with a status of 404 (Not Found) @ http://localhost:3000/icon.png:0
[  516208ms] [WARNING] Error while trying to use the following icon from the Manifest: http://localhost:3000/icon.png (Download error or resource isn't a valid image) @ http://localhost:3000/:0
[  518475ms] [ERROR] Failed to load resource: the server responded with a status of 500 (Internal Server Error) @ http://localhost:3002/banners/promo-slides:0
[  518615ms] [ERROR] Failed to load resource: the server responded with a status of 500 (Internal Server Error) @ http://localhost:3002/banners/random?count=1:0
[  518678ms] [ERROR] Failed to load resource: the server responded with a status of 500 (Internal Server Error) @ http://localhost:3002/trade-in-devices:0
[  518881ms] [ERROR] Failed to load resource: the server responded with a status of 500 (Internal Server Error) @ http://localhost:3002/catalog/categories:0
[  519405ms] [ERROR] Failed to load resource: the server responded with a status of 500 (Internal Server Error) @ http://localhost:3002/products?limit=300:0
[  520088ms] [ERROR] Failed to load resource: the server responded with a status of 500 (Internal Server Error) @ http://localhost:3002/catalog/brands:0
[  520311ms] [ERROR] Failed to load resource: the server responded with a status of 500 (Internal Server Error) @ http://localhost:3002/stores:0
[  520579ms] [ERROR] Failed to load resource: the server responded with a status of 500 (Internal Server Error) @ http://localhost:3002/banners/random?count=1:0
[  528761ms] [WARNING] The resource http://localhost:3000/_next/static/chunks/%5Broot-of-the-server%5D__0n99re6._.css was preloaded using link preload but not used within a few seconds from the window's load event. Please make sure it has an appropriate `as` value and it is preloaded intentionally. @ http://localhost:3000/:0
[  530942ms] [LOG] [Fast Refresh] rebuilding @ http://localhost:3000/_next/static/chunks/node_modules_next_dist_115brz8._.js:2477
[  531487ms] [LOG] [Fast Refresh] done in 662ms @ http://localhost:3000/_next/static/chunks/node_modules_next_dist_115brz8._.js:2477
[  535969ms] [WARNING] The resource http://localhost:3000/_next/static/chunks/%5Broot-of-the-server%5D__0n99re6._.css was preloaded using link preload but not used within a few seconds from the window's load event. Please make sure it has an appropriate `as` value and it is preloaded intentionally. @ http://localhost:3000/:0
[  539973ms] [WARNING] The resource http://localhost:3000/_next/static/chunks/%5Broot-of-the-server%5D__0n99re6._.css was preloaded using link preload but not used within a few seconds from the window's load event. Please make sure it has an appropriate `as` value and it is preloaded intentionally. @ http://localhost:3000/:0
[  543970ms] [WARNING] The resource http://localhost:3000/_next/static/chunks/%5Broot-of-the-server%5D__0n99re6._.css was preloaded using link preload but not used within a few seconds from the window's load event. Please make sure it has an appropriate `as` value and it is preloaded intentionally. @ http://localhost:3000/:0
[  547932ms] [WARNING] The resource http://localhost:3000/_next/static/chunks/%5Broot-of-the-server%5D__0n99re6._.css was preloaded using link preload but not used within a few seconds from the window's load event. Please make sure it has an appropriate `as` value and it is preloaded intentionally. @ http://localhost:3000/:0
[  551935ms] [WARNING] The resource http://localhost:3000/_next/static/chunks/%5Broot-of-the-server%5D__0n99re6._.css was preloaded using link preload but not used within a few seconds from the window's load event. Please make sure it has an appropriate `as` value and it is preloaded intentionally. @ http://localhost:3000/:0
[  555989ms] [WARNING] The resource http://localhost:3000/_next/static/chunks/%5Broot-of-the-server%5D__0n99re6._.css was preloaded using link preload but not used within a few seconds from the window's load event. Please make sure it has an appropriate `as` value and it is preloaded intentionally. @ http://localhost:3000/:0
[  559939ms] [WARNING] The resource http://localhost:3000/_next/static/chunks/%5Broot-of-the-server%5D__0n99re6._.css was preloaded using link preload but not used within a few seconds from the window's load event. Please make sure it has an appropriate `as` value and it is preloaded intentionally. @ http://localhost:3000/:0
[  564037ms] [WARNING] The resource http://localhost:3000/_next/static/chunks/%5Broot-of-the-server%5D__0n99re6._.css was preloaded using link preload but not used within a few seconds from the window's load event. Please make sure it has an appropriate `as` value and it is preloaded intentionally. @ http://localhost:3000/:0
[  568339ms] [WARNING] The resource http://localhost:3000/_next/static/chunks/%5Broot-of-the-server%5D__0n99re6._.css was preloaded using link preload but not used within a few seconds from the window's load event. Please make sure it has an appropriate `as` value and it is preloaded intentionally. @ http://localhost:3000/:0
[  572078ms] [WARNING] The resource http://localhost:3000/_next/static/chunks/%5Broot-of-the-server%5D__0n99re6._.css was preloaded using link preload but not used within a few seconds from the window's load event. Please make sure it has an appropriate `as` value and it is preloaded intentionally. @ http://localhost:3000/:0
[  575942ms] [WARNING] The resource http://localhost:3000/_next/static/chunks/%5Broot-of-the-server%5D__0n99re6._.css was preloaded using link preload but not used within a few seconds from the window's load event. Please make sure it has an appropriate `as` value and it is preloaded intentionally. @ http://localhost:3000/:0
[  579979ms] [WARNING] The resource http://localhost:3000/_next/static/chunks/%5Broot-of-the-server%5D__0n99re6._.css was preloaded using link preload but not used within a few seconds from the window's load event. Please make sure it has an appropriate `as` value and it is preloaded intentionally. @ http://localhost:3000/:0
[  583945ms] [WARNING] The resource http://localhost:3000/_next/static/chunks/%5Broot-of-the-server%5D__0n99re6._.css was preloaded using link preload but not used within a few seconds from the window's load event. Please make sure it has an appropriate `as` value and it is preloaded intentionally. @ http://localhost:3000/:0
[  587913ms] [WARNING] The resource http://localhost:3000/_next/static/chunks/%5Broot-of-the-server%5D__0n99re6._.css was preloaded using link preload but not used within a few seconds from the window's load event. Please make sure it has an appropriate `as` value and it is preloaded intentionally. @ http://localhost:3000/:0
[  591968ms] [WARNING] The resource http://localhost:3000/_next/static/chunks/%5Broot-of-the-server%5D__0n99re6._.css was preloaded using link preload but not used within a few seconds from the window's load event. Please make sure it has an appropriate `as` value and it is preloaded intentionally. @ http://localhost:3000/:0
[  595932ms] [WARNING] The resource http://localhost:3000/_next/static/chunks/%5Broot-of-the-server%5D__0n99re6._.css was preloaded using link preload but not used within a few seconds from the window's load event. Please make sure it has an appropriate `as` value and it is preloaded intentionally. @ http://localhost:3000/:0
[  600592ms] [WARNING] The resource http://localhost:3000/_next/static/chunks/%5Broot-of-the-server%5D__0n99re6._.css was preloaded using link preload but not used within a few seconds from the window's load event. Please make sure it has an appropriate `as` value and it is preloaded intentionally. @ http://localhost:3000/:0
[  604091ms] [WARNING] The resource http://localhost:3000/_next/static/chunks/%5Broot-of-the-server%5D__0n99re6._.css was preloaded using link preload but not used within a few seconds from the window's load event. Please make sure it has an appropriate `as` value and it is preloaded intentionally. @ http://localhost:3000/:0
[  607906ms] [WARNING] The resource http://localhost:3000/_next/static/chunks/%5Broot-of-the-server%5D__0n99re6._.css was preloaded using link preload but not used within a few seconds from the window's load event. Please make sure it has an appropriate `as` value and it is preloaded intentionally. @ http://localhost:3000/:0
[  612028ms] [WARNING] The resource http://localhost:3000/_next/static/chunks/%5Broot-of-the-server%5D__0n99re6._.css was preloaded using link preload but not used within a few seconds from the window's load event. Please make sure it has an appropriate `as` value and it is preloaded intentionally. @ http://localhost:3000/:0
[  615930ms] [WARNING] The resource http://localhost:3000/_next/static/chunks/%5Broot-of-the-server%5D__0n99re6._.css was preloaded using link preload but not used within a few seconds from the window's load event. Please make sure it has an appropriate `as` value and it is preloaded intentionally. @ http://localhost:3000/:0
[  620598ms] [WARNING] The resource http://localhost:3000/_next/static/chunks/%5Broot-of-the-server%5D__0n99re6._.css was preloaded using link preload but not used within a few seconds from the window's load event. Please make sure it has an appropriate `as` value and it is preloaded intentionally. @ http://localhost:3000/:0
[  623872ms] [WARNING] The resource http://localhost:3000/_next/static/chunks/%5Broot-of-the-server%5D__0n99re6._.css was preloaded using link preload but not used within a few seconds from the window's load event. Please make sure it has an appropriate `as` value and it is preloaded intentionally. @ http://localhost:3000/:0
[  627939ms] [WARNING] The resource http://localhost:3000/_next/static/chunks/%5Broot-of-the-server%5D__0n99re6._.css was preloaded using link preload but not used within a few seconds from the window's load event. Please make sure it has an appropriate `as` value and it is preloaded intentionally. @ http://localhost:3000/:0
[  631927ms] [WARNING] The resource http://localhost:3000/_next/static/chunks/%5Broot-of-the-server%5D__0n99re6._.css was preloaded using link preload but not used within a few seconds from the window's load event. Please make sure it has an appropriate `as` value and it is preloaded intentionally. @ http://localhost:3000/:0
[  635914ms] [WARNING] The resource http://localhost:3000/_next/static/chunks/%5Broot-of-the-server%5D__0n99re6._.css was preloaded using link preload but not used within a few seconds from the window's load event. Please make sure it has an appropriate `as` value and it is preloaded intentionally. @ http://localhost:3000/:0
[  639952ms] [WARNING] The resource http://localhost:3000/_next/static/chunks/%5Broot-of-the-server%5D__0n99re6._.css was preloaded using link preload but not used within a few seconds from the window's load event. Please make sure it has an appropriate `as` value and it is preloaded intentionally. @ http://localhost:3000/:0
[  643925ms] [WARNING] The resource http://localhost:3000/_next/static/chunks/%5Broot-of-the-server%5D__0n99re6._.css was preloaded using link preload but not used within a few seconds from the window's load event. Please make sure it has an appropriate `as` value and it is preloaded intentionally. @ http://localhost:3000/:0
[  650417ms] [LOG] [Fast Refresh] rebuilding @ http://localhost:3000/_next/static/chunks/node_modules_next_dist_115brz8._.js:2477
[  650451ms] [LOG] [Fast Refresh] done in 212ms @ http://localhost:3000/_next/static/chunks/node_modules_next_dist_115brz8._.js:2477
[  652766ms] [WARNING] The resource http://localhost:3000/_next/static/chunks/%5Broot-of-the-server%5D__0n99re6._.css was preloaded using link preload but not used within a few seconds from the window's load event. Please make sure it has an appropriate `as` value and it is preloaded intentionally. @ http://localhost:3000/:0
[  655942ms] [WARNING] The resource http://localhost:3000/_next/static/chunks/%5Broot-of-the-server%5D__0n99re6._.css was preloaded using link preload but not used within a few seconds from the window's load event. Please make sure it has an appropriate `as` value and it is preloaded intentionally. @ http://localhost:3000/:0
[  659940ms] [WARNING] The resource http://localhost:3000/_next/static/chunks/%5Broot-of-the-server%5D__0n99re6._.css was preloaded using link preload but not used within a few seconds from the window's load event. Please make sure it has an appropriate `as` value and it is preloaded intentionally. @ http://localhost:3000/:0
[  664014ms] [WARNING] The resource http://localhost:3000/_next/static/chunks/%5Broot-of-the-server%5D__0n99re6._.css was preloaded using link preload but not used within a few seconds from the window's load event. Please make sure it has an appropriate `as` value and it is preloaded intentionally. @ http://localhost:3000/:0
[  667927ms] [WARNING] The resource http://localhost:3000/_next/static/chunks/%5Broot-of-the-server%5D__0n99re6._.css was preloaded using link preload but not used within a few seconds from the window's load event. Please make sure it has an appropriate `as` value and it is preloaded intentionally. @ http://localhost:3000/:0
[  671967ms] [WARNING] The resource http://localhost:3000/_next/static/chunks/%5Broot-of-the-server%5D__0n99re6._.css was preloaded using link preload but not used within a few seconds from the window's load event. Please make sure it has an appropriate `as` value and it is preloaded intentionally. @ http://localhost:3000/:0
[  676094ms] [WARNING] The resource http://localhost:3000/_next/static/chunks/%5Broot-of-the-server%5D__0n99re6._.css was preloaded using link preload but not used within a few seconds from the window's load event. Please make sure it has an appropriate `as` value and it is preloaded intentionally. @ http://localhost:3000/:0
[  684267ms] [WARNING] The resource http://localhost:3000/_next/static/chunks/%5Broot-of-the-server%5D__0n99re6._.css was preloaded using link preload but not used within a few seconds from the window's load event. Please make sure it has an appropriate `as` value and it is preloaded intentionally. @ http://localhost:3000/:0
[  687558ms] [LOG] [Fast Refresh] rebuilding @ http://localhost:3000/_next/static/chunks/node_modules_next_dist_115brz8._.js:2477
[  687598ms] [LOG] [Fast Refresh] done in 173ms @ http://localhost:3000/_next/static/chunks/node_modules_next_dist_115brz8._.js:2477
[  687926ms] [WARNING] The resource http://localhost:3000/_next/static/chunks/%5Broot-of-the-server%5D__0n99re6._.css was preloaded using link preload but not used within a few seconds from the window's load event. Please make sure it has an appropriate `as` value and it is preloaded intentionally. @ http://localhost:3000/:0
[  692005ms] [WARNING] The resource http://localhost:3000/_next/static/chunks/%5Broot-of-the-server%5D__0n99re6._.css was preloaded using link preload but not used within a few seconds from the window's load event. Please make sure it has an appropriate `as` value and it is preloaded intentionally. @ http://localhost:3000/:0
[  695997ms] [WARNING] The resource http://localhost:3000/_next/static/chunks/%5Broot-of-the-server%5D__0n99re6._.css was preloaded using link preload but not used within a few seconds from the window's load event. Please make sure it has an appropriate `as` value and it is preloaded intentionally. @ http://localhost:3000/:0
[  699956ms] [WARNING] The resource http://localhost:3000/_next/static/chunks/%5Broot-of-the-server%5D__0n99re6._.css was preloaded using link preload but not used within a few seconds from the window's load event. Please make sure it has an appropriate `as` value and it is preloaded intentionally. @ http://localhost:3000/:0
[  703885ms] [WARNING] The resource http://localhost:3000/_next/static/chunks/%5Broot-of-the-server%5D__0n99re6._.css was preloaded using link preload but not used within a few seconds from the window's load event. Please make sure it has an appropriate `as` value and it is preloaded intentionally. @ http://localhost:3000/:0
[  707986ms] [WARNING] The resource http://localhost:3000/_next/static/chunks/%5Broot-of-the-server%5D__0n99re6._.css was preloaded using link preload but not used within a few seconds from the window's load event. Please make sure it has an appropriate `as` value and it is preloaded intentionally. @ http://localhost:3000/:0
[  712360ms] [WARNING] The resource http://localhost:3000/_next/static/chunks/%5Broot-of-the-server%5D__0n99re6._.css was preloaded using link preload but not used within a few seconds from the window's load event. Please make sure it has an appropriate `as` value and it is preloaded intentionally. @ http://localhost:3000/:0
[  716393ms] [WARNING] The resource http://localhost:3000/_next/static/chunks/%5Broot-of-the-server%5D__0n99re6._.css was preloaded using link preload but not used within a few seconds from the window's load event. Please make sure it has an appropriate `as` value and it is preloaded intentionally. @ http://localhost:3000/:0
[  719895ms] [WARNING] The resource http://localhost:3000/_next/static/chunks/%5Broot-of-the-server%5D__0n99re6._.css was preloaded using link preload but not used within a few seconds from the window's load event. Please make sure it has an appropriate `as` value and it is preloaded intentionally. @ http://localhost:3000/:0
[  723957ms] [WARNING] The resource http://localhost:3000/_next/static/chunks/%5Broot-of-the-server%5D__0n99re6._.css was preloaded using link preload but not used within a few seconds from the window's load event. Please make sure it has an appropriate `as` value and it is preloaded intentionally. @ http://localhost:3000/:0
[  727997ms] [WARNING] The resource http://localhost:3000/_next/static/chunks/%5Broot-of-the-server%5D__0n99re6._.css was preloaded using link preload but not used within a few seconds from the window's load event. Please make sure it has an appropriate `as` value and it is preloaded intentionally. @ http://localhost:3000/:0
[  731922ms] [WARNING] The resource http://localhost:3000/_next/static/chunks/%5Broot-of-the-server%5D__0n99re6._.css was preloaded using link preload but not used within a few seconds from the window's load event. Please make sure it has an appropriate `as` value and it is preloaded intentionally. @ http://localhost:3000/:0
[  736029ms] [WARNING] The resource http://localhost:3000/_next/static/chunks/%5Broot-of-the-server%5D__0n99re6._.css was preloaded using link preload but not used within a few seconds from the window's load event. Please make sure it has an appropriate `as` value and it is preloaded intentionally. @ http://localhost:3000/:0
[  739929ms] [WARNING] The resource http://localhost:3000/_next/static/chunks/%5Broot-of-the-server%5D__0n99re6._.css was preloaded using link preload but not used within a few seconds from the window's load event. Please make sure it has an appropriate `as` value and it is preloaded intentionally. @ http://localhost:3000/:0
[  744283ms] [WARNING] The resource http://localhost:3000/_next/static/chunks/%5Broot-of-the-server%5D__0n99re6._.css was preloaded using link preload but not used within a few seconds from the window's load event. Please make sure it has an appropriate `as` value and it is preloaded intentionally. @ http://localhost:3000/:0
[  747899ms] [WARNING] The resource http://localhost:3000/_next/static/chunks/%5Broot-of-the-server%5D__0n99re6._.css was preloaded using link preload but not used within a few seconds from the window's load event. Please make sure it has an appropriate `as` value and it is preloaded intentionally. @ http://localhost:3000/:0
[  751936ms] [WARNING] The resource http://localhost:3000/_next/static/chunks/%5Broot-of-the-server%5D__0n99re6._.css was preloaded using link preload but not used within a few seconds from the window's load event. Please make sure it has an appropriate `as` value and it is preloaded intentionally. @ http://localhost:3000/:0
[  755925ms] [WARNING] The resource http://localhost:3000/_next/static/chunks/%5Broot-of-the-server%5D__0n99re6._.css was preloaded using link preload but not used within a few seconds from the window's load event. Please make sure it has an appropriate `as` value and it is preloaded intentionally. @ http://localhost:3000/:0
[  760325ms] [WARNING] The resource http://localhost:3000/_next/static/chunks/%5Broot-of-the-server%5D__0n99re6._.css was preloaded using link preload but not used within a few seconds from the window's load event. Please make sure it has an appropriate `as` value and it is preloaded intentionally. @ http://localhost:3000/:0
[  763998ms] [WARNING] The resource http://localhost:3000/_next/static/chunks/%5Broot-of-the-server%5D__0n99re6._.css was preloaded using link preload but not used within a few seconds from the window's load event. Please make sure it has an appropriate `as` value and it is preloaded intentionally. @ http://localhost:3000/:0
[  767903ms] [WARNING] The resource http://localhost:3000/_next/static/chunks/%5Broot-of-the-server%5D__0n99re6._.css was preloaded using link preload but not used within a few seconds from the window's load event. Please make sure it has an appropriate `as` value and it is preloaded intentionally. @ http://localhost:3000/:0
[  771959ms] [WARNING] The resource http://localhost:3000/_next/static/chunks/%5Broot-of-the-server%5D__0n99re6._.css was preloaded using link preload but not used within a few seconds from the window's load event. Please make sure it has an appropriate `as` value and it is preloaded intentionally. @ http://localhost:3000/:0
[  775995ms] [WARNING] The resource http://localhost:3000/_next/static/chunks/%5Broot-of-the-server%5D__0n99re6._.css was preloaded using link preload but not used within a few seconds from the window's load event. Please make sure it has an appropriate `as` value and it is preloaded intentionally. @ http://localhost:3000/:0
[  780478ms] [WARNING] The resource http://localhost:3000/_next/static/chunks/%5Broot-of-the-server%5D__0n99re6._.css was preloaded using link preload but not used within a few seconds from the window's load event. Please make sure it has an appropriate `as` value and it is preloaded intentionally. @ http://localhost:3000/:0
[  784012ms] [WARNING] The resource http://localhost:3000/_next/static/chunks/%5Broot-of-the-server%5D__0n99re6._.css was preloaded using link preload but not used within a few seconds from the window's load event. Please make sure it has an appropriate `as` value and it is preloaded intentionally. @ http://localhost:3000/:0
[  787975ms] [WARNING] The resource http://localhost:3000/_next/static/chunks/%5Broot-of-the-server%5D__0n99re6._.css was preloaded using link preload but not used within a few seconds from the window's load event. Please make sure it has an appropriate `as` value and it is preloaded intentionally. @ http://localhost:3000/:0
[  791989ms] [WARNING] The resource http://localhost:3000/_next/static/chunks/%5Broot-of-the-server%5D__0n99re6._.css was preloaded using link preload but not used within a few seconds from the window's load event. Please make sure it has an appropriate `as` value and it is preloaded intentionally. @ http://localhost:3000/:0
[  795930ms] [WARNING] The resource http://localhost:3000/_next/static/chunks/%5Broot-of-the-server%5D__0n99re6._.css was preloaded using link preload but not used within a few seconds from the window's load event. Please make sure it has an appropriate `as` value and it is preloaded intentionally. @ http://localhost:3000/:0
[  800238ms] [WARNING] The resource http://localhost:3000/_next/static/chunks/%5Broot-of-the-server%5D__0n99re6._.css was preloaded using link preload but not used within a few seconds from the window's load event. Please make sure it has an appropriate `as` value and it is preloaded intentionally. @ http://localhost:3000/:0
[  803991ms] [WARNING] The resource http://localhost:3000/_next/static/chunks/%5Broot-of-the-server%5D__0n99re6._.css was preloaded using link preload but not used within a few seconds from the window's load event. Please make sure it has an appropriate `as` value and it is preloaded intentionally. @ http://localhost:3000/:0
[  808222ms] [WARNING] The resource http://localhost:3000/_next/static/chunks/%5Broot-of-the-server%5D__0n99re6._.css was preloaded using link preload but not used within a few seconds from the window's load event. Please make sure it has an appropriate `as` value and it is preloaded intentionally. @ http://localhost:3000/:0
[  812179ms] [WARNING] The resource http://localhost:3000/_next/static/chunks/%5Broot-of-the-server%5D__0n99re6._.css was preloaded using link preload but not used within a few seconds from the window's load event. Please make sure it has an appropriate `as` value and it is preloaded intentionally. @ http://localhost:3000/:0
[  815915ms] [WARNING] The resource http://localhost:3000/_next/static/chunks/%5Broot-of-the-server%5D__0n99re6._.css was preloaded using link preload but not used within a few seconds from the window's load event. Please make sure it has an appropriate `as` value and it is preloaded intentionally. @ http://localhost:3000/:0
[  819897ms] [WARNING] The resource http://localhost:3000/_next/static/chunks/%5Broot-of-the-server%5D__0n99re6._.css was preloaded using link preload but not used within a few seconds from the window's load event. Please make sure it has an appropriate `as` value and it is preloaded intentionally. @ http://localhost:3000/:0
[  823923ms] [WARNING] The resource http://localhost:3000/_next/static/chunks/%5Broot-of-the-server%5D__0n99re6._.css was preloaded using link preload but not used within a few seconds from the window's load event. Please make sure it has an appropriate `as` value and it is preloaded intentionally. @ http://localhost:3000/:0
[  827939ms] [WARNING] The resource http://localhost:3000/_next/static/chunks/%5Broot-of-the-server%5D__0n99re6._.css was preloaded using link preload but not used within a few seconds from the window's load event. Please make sure it has an appropriate `as` value and it is preloaded intentionally. @ http://localhost:3000/:0
[  831901ms] [WARNING] The resource http://localhost:3000/_next/static/chunks/%5Broot-of-the-server%5D__0n99re6._.css was preloaded using link preload but not used within a few seconds from the window's load event. Please make sure it has an appropriate `as` value and it is preloaded intentionally. @ http://localhost:3000/:0
[  835900ms] [WARNING] The resource http://localhost:3000/_next/static/chunks/%5Broot-of-the-server%5D__0n99re6._.css was preloaded using link preload but not used within a few seconds from the window's load event. Please make sure it has an appropriate `as` value and it is preloaded intentionally. @ http://localhost:3000/:0
[  843994ms] [WARNING] The resource http://localhost:3000/_next/static/chunks/%5Broot-of-the-server%5D__0n99re6._.css was preloaded using link preload but not used within a few seconds from the window's load event. Please make sure it has an appropriate `as` value and it is preloaded intentionally. @ http://localhost:3000/:0
[  848059ms] [WARNING] The resource http://localhost:3000/_next/static/chunks/%5Broot-of-the-server%5D__0n99re6._.css was preloaded using link preload but not used within a few seconds from the window's load event. Please make sure it has an appropriate `as` value and it is preloaded intentionally. @ http://localhost:3000/:0
[  851975ms] [WARNING] The resource http://localhost:3000/_next/static/chunks/%5Broot-of-the-server%5D__0n99re6._.css was preloaded using link preload but not used within a few seconds from the window's load event. Please make sure it has an appropriate `as` value and it is preloaded intentionally. @ http://localhost:3000/:0
[  856590ms] [WARNING] The resource http://localhost:3000/_next/static/chunks/%5Broot-of-the-server%5D__0n99re6._.css was preloaded using link preload but not used within a few seconds from the window's load event. Please make sure it has an appropriate `as` value and it is preloaded intentionally. @ http://localhost:3000/:0
[  860139ms] [WARNING] The resource http://localhost:3000/_next/static/chunks/%5Broot-of-the-server%5D__0n99re6._.css was preloaded using link preload but not used within a few seconds from the window's load event. Please make sure it has an appropriate `as` value and it is preloaded intentionally. @ http://localhost:3000/:0
[  863936ms] [WARNING] The resource http://localhost:3000/_next/static/chunks/%5Broot-of-the-server%5D__0n99re6._.css was preloaded using link preload but not used within a few seconds from the window's load event. Please make sure it has an appropriate `as` value and it is preloaded intentionally. @ http://localhost:3000/:0
[  867927ms] [WARNING] The resource http://localhost:3000/_next/static/chunks/%5Broot-of-the-server%5D__0n99re6._.css was preloaded using link preload but not used within a few seconds from the window's load event. Please make sure it has an appropriate `as` value and it is preloaded intentionally. @ http://localhost:3000/:0
[  871974ms] [WARNING] The resource http://localhost:3000/_next/static/chunks/%5Broot-of-the-server%5D__0n99re6._.css was preloaded using link preload but not used within a few seconds from the window's load event. Please make sure it has an appropriate `as` value and it is preloaded intentionally. @ http://localhost:3000/:0
[  875896ms] [WARNING] The resource http://localhost:3000/_next/static/chunks/%5Broot-of-the-server%5D__0n99re6._.css was preloaded using link preload but not used within a few seconds from the window's load event. Please make sure it has an appropriate `as` value and it is preloaded intentionally. @ http://localhost:3000/:0
[  879919ms] [WARNING] The resource http://localhost:3000/_next/static/chunks/%5Broot-of-the-server%5D__0n99re6._.css was preloaded using link preload but not used within a few seconds from the window's load event. Please make sure it has an appropriate `as` value and it is preloaded intentionally. @ http://localhost:3000/:0
[  883930ms] [WARNING] The resource http://localhost:3000/_next/static/chunks/%5Broot-of-the-server%5D__0n99re6._.css was preloaded using link preload but not used within a few seconds from the window's load event. Please make sure it has an appropriate `as` value and it is preloaded intentionally. @ http://localhost:3000/:0
[  888339ms] [WARNING] The resource http://localhost:3000/_next/static/chunks/%5Broot-of-the-server%5D__0n99re6._.css was preloaded using link preload but not used within a few seconds from the window's load event. Please make sure it has an appropriate `as` value and it is preloaded intentionally. @ http://localhost:3000/:0
[  891976ms] [WARNING] The resource http://localhost:3000/_next/static/chunks/%5Broot-of-the-server%5D__0n99re6._.css was preloaded using link preload but not used within a few seconds from the window's load event. Please make sure it has an appropriate `as` value and it is preloaded intentionally. @ http://localhost:3000/:0
[  895892ms] [WARNING] The resource http://localhost:3000/_next/static/chunks/%5Broot-of-the-server%5D__0n99re6._.css was preloaded using link preload but not used within a few seconds from the window's load event. Please make sure it has an appropriate `as` value and it is preloaded intentionally. @ http://localhost:3000/:0
[  899998ms] [WARNING] The resource http://localhost:3000/_next/static/chunks/%5Broot-of-the-server%5D__0n99re6._.css was preloaded using link preload but not used within a few seconds from the window's load event. Please make sure it has an appropriate `as` value and it is preloaded intentionally. @ http://localhost:3000/:0
[  904186ms] [WARNING] The resource http://localhost:3000/_next/static/chunks/%5Broot-of-the-server%5D__0n99re6._.css was preloaded using link preload but not used within a few seconds from the window's load event. Please make sure it has an appropriate `as` value and it is preloaded intentionally. @ http://localhost:3000/:0
[  908045ms] [WARNING] The resource http://localhost:3000/_next/static/chunks/%5Broot-of-the-server%5D__0n99re6._.css was preloaded using link preload but not used within a few seconds from the window's load event. Please make sure it has an appropriate `as` value and it is preloaded intentionally. @ http://localhost:3000/:0
[  911981ms] [WARNING] The resource http://localhost:3000/_next/static/chunks/%5Broot-of-the-server%5D__0n99re6._.css was preloaded using link preload but not used within a few seconds from the window's load event. Please make sure it has an appropriate `as` value and it is preloaded intentionally. @ http://localhost:3000/:0
[  915928ms] [WARNING] The resource http://localhost:3000/_next/static/chunks/%5Broot-of-the-server%5D__0n99re6._.css was preloaded using link preload but not used within a few seconds from the window's load event. Please make sure it has an appropriate `as` value and it is preloaded intentionally. @ http://localhost:3000/:0
[  919962ms] [WARNING] The resource http://localhost:3000/_next/static/chunks/%5Broot-of-the-server%5D__0n99re6._.css was preloaded using link preload but not used within a few seconds from the window's load event. Please make sure it has an appropriate `as` value and it is preloaded intentionally. @ http://localhost:3000/:0
[  924032ms] [WARNING] The resource http://localhost:3000/_next/static/chunks/%5Broot-of-the-server%5D__0n99re6._.css was preloaded using link preload but not used within a few seconds from the window's load event. Please make sure it has an appropriate `as` value and it is preloaded intentionally. @ http://localhost:3000/:0
[  927895ms] [WARNING] The resource http://localhost:3000/_next/static/chunks/%5Broot-of-the-server%5D__0n99re6._.css was preloaded using link preload but not used within a few seconds from the window's load event. Please make sure it has an appropriate `as` value and it is preloaded intentionally. @ http://localhost:3000/:0
[  931992ms] [WARNING] The resource http://localhost:3000/_next/static/chunks/%5Broot-of-the-server%5D__0n99re6._.css was preloaded using link preload but not used within a few seconds from the window's load event. Please make sure it has an appropriate `as` value and it is preloaded intentionally. @ http://localhost:3000/:0
[  935951ms] [WARNING] The resource http://localhost:3000/_next/static/chunks/%5Broot-of-the-server%5D__0n99re6._.css was preloaded using link preload but not used within a few seconds from the window's load event. Please make sure it has an appropriate `as` value and it is preloaded intentionally. @ http://localhost:3000/:0
[  939996ms] [WARNING] The resource http://localhost:3000/_next/static/chunks/%5Broot-of-the-server%5D__0n99re6._.css was preloaded using link preload but not used within a few seconds from the window's load event. Please make sure it has an appropriate `as` value and it is preloaded intentionally. @ http://localhost:3000/:0
[  943959ms] [WARNING] The resource http://localhost:3000/_next/static/chunks/%5Broot-of-the-server%5D__0n99re6._.css was preloaded using link preload but not used within a few seconds from the window's load event. Please make sure it has an appropriate `as` value and it is preloaded intentionally. @ http://localhost:3000/:0
[  947885ms] [WARNING] The resource http://localhost:3000/_next/static/chunks/%5Broot-of-the-server%5D__0n99re6._.css was preloaded using link preload but not used within a few seconds from the window's load event. Please make sure it has an appropriate `as` value and it is preloaded intentionally. @ http://localhost:3000/:0
[  952117ms] [WARNING] The resource http://localhost:3000/_next/static/chunks/%5Broot-of-the-server%5D__0n99re6._.css was preloaded using link preload but not used within a few seconds from the window's load event. Please make sure it has an appropriate `as` value and it is preloaded intentionally. @ http://localhost:3000/:0
[  955960ms] [WARNING] The resource http://localhost:3000/_next/static/chunks/%5Broot-of-the-server%5D__0n99re6._.css was preloaded using link preload but not used within a few seconds from the window's load event. Please make sure it has an appropriate `as` value and it is preloaded intentionally. @ http://localhost:3000/:0
[  959913ms] [WARNING] The resource http://localhost:3000/_next/static/chunks/%5Broot-of-the-server%5D__0n99re6._.css was preloaded using link preload but not used within a few seconds from the window's load event. Please make sure it has an appropriate `as` value and it is preloaded intentionally. @ http://localhost:3000/:0
[  963968ms] [WARNING] The resource http://localhost:3000/_next/static/chunks/%5Broot-of-the-server%5D__0n99re6._.css was preloaded using link preload but not used within a few seconds from the window's load event. Please make sure it has an appropriate `as` value and it is preloaded intentionally. @ http://localhost:3000/:0
[  968421ms] [WARNING] The resource http://localhost:3000/_next/static/chunks/%5Broot-of-the-server%5D__0n99re6._.css was preloaded using link preload but not used within a few seconds from the window's load event. Please make sure it has an appropriate `as` value and it is preloaded intentionally. @ http://localhost:3000/:0
[  972169ms] [WARNING] The resource http://localhost:3000/_next/static/chunks/%5Broot-of-the-server%5D__0n99re6._.css was preloaded using link preload but not used within a few seconds from the window's load event. Please make sure it has an appropriate `as` value and it is preloaded intentionally. @ http://localhost:3000/:0
[  975873ms] [WARNING] The resource http://localhost:3000/_next/static/chunks/%5Broot-of-the-server%5D__0n99re6._.css was preloaded using link preload but not used within a few seconds from the window's load event. Please make sure it has an appropriate `as` value and it is preloaded intentionally. @ http://localhost:3000/:0
[  979914ms] [WARNING] The resource http://localhost:3000/_next/static/chunks/%5Broot-of-the-server%5D__0n99re6._.css was preloaded using link preload but not used within a few seconds from the window's load event. Please make sure it has an appropriate `as` value and it is preloaded intentionally. @ http://localhost:3000/:0
[  983913ms] [WARNING] The resource http://localhost:3000/_next/static/chunks/%5Broot-of-the-server%5D__0n99re6._.css was preloaded using link preload but not used within a few seconds from the window's load event. Please make sure it has an appropriate `as` value and it is preloaded intentionally. @ http://localhost:3000/:0
[  988009ms] [WARNING] The resource http://localhost:3000/_next/static/chunks/%5Broot-of-the-server%5D__0n99re6._.css was preloaded using link preload but not used within a few seconds from the window's load event. Please make sure it has an appropriate `as` value and it is preloaded intentionally. @ http://localhost:3000/:0
[  991974ms] [WARNING] The resource http://localhost:3000/_next/static/chunks/%5Broot-of-the-server%5D__0n99re6._.css was preloaded using link preload but not used within a few seconds from the window's load event. Please make sure it has an appropriate `as` value and it is preloaded intentionally. @ http://localhost:3000/:0
[  995977ms] [WARNING] The resource http://localhost:3000/_next/static/chunks/%5Broot-of-the-server%5D__0n99re6._.css was preloaded using link preload but not used within a few seconds from the window's load event. Please make sure it has an appropriate `as` value and it is preloaded intentionally. @ http://localhost:3000/:0
[ 1000017ms] [WARNING] The resource http://localhost:3000/_next/static/chunks/%5Broot-of-the-server%5D__0n99re6._.css was preloaded using link preload but not used within a few seconds from the window's load event. Please make sure it has an appropriate `as` value and it is preloaded intentionally. @ http://localhost:3000/:0
[ 1003931ms] [WARNING] The resource http://localhost:3000/_next/static/chunks/%5Broot-of-the-server%5D__0n99re6._.css was preloaded using link preload but not used within a few seconds from the window's load event. Please make sure it has an appropriate `as` value and it is preloaded intentionally. @ http://localhost:3000/:0
[ 1007906ms] [WARNING] The resource http://localhost:3000/_next/static/chunks/%5Broot-of-the-server%5D__0n99re6._.css was preloaded using link preload but not used within a few seconds from the window's load event. Please make sure it has an appropriate `as` value and it is preloaded intentionally. @ http://localhost:3000/:0
[ 1011947ms] [WARNING] The resource http://localhost:3000/_next/static/chunks/%5Broot-of-the-server%5D__0n99re6._.css was preloaded using link preload but not used within a few seconds from the window's load event. Please make sure it has an appropriate `as` value and it is preloaded intentionally. @ http://localhost:3000/:0
[ 1016151ms] [WARNING] The resource http://localhost:3000/_next/static/chunks/%5Broot-of-the-server%5D__0n99re6._.css was preloaded using link preload but not used within a few seconds from the window's load event. Please make sure it has an appropriate `as` value and it is preloaded intentionally. @ http://localhost:3000/:0
[ 1020010ms] [WARNING] The resource http://localhost:3000/_next/static/chunks/%5Broot-of-the-server%5D__0n99re6._.css was preloaded using link preload but not used within a few seconds from the window's load event. Please make sure it has an appropriate `as` value and it is preloaded intentionally. @ http://localhost:3000/:0
[ 1023986ms] [WARNING] The resource http://localhost:3000/_next/static/chunks/%5Broot-of-the-server%5D__0n99re6._.css was preloaded using link preload but not used within a few seconds from the window's load event. Please make sure it has an appropriate `as` value and it is preloaded intentionally. @ http://localhost:3000/:0
[ 1027914ms] [WARNING] The resource http://localhost:3000/_next/static/chunks/%5Broot-of-the-server%5D__0n99re6._.css was preloaded using link preload but not used within a few seconds from the window's load event. Please make sure it has an appropriate `as` value and it is preloaded intentionally. @ http://localhost:3000/:0
[ 1032258ms] [WARNING] The resource http://localhost:3000/_next/static/chunks/%5Broot-of-the-server%5D__0n99re6._.css was preloaded using link preload but not used within a few seconds from the window's load event. Please make sure it has an appropriate `as` value and it is preloaded intentionally. @ http://localhost:3000/:0
[ 1036001ms] [WARNING] The resource http://localhost:3000/_next/static/chunks/%5Broot-of-the-server%5D__0n99re6._.css was preloaded using link preload but not used within a few seconds from the window's load event. Please make sure it has an appropriate `as` value and it is preloaded intentionally. @ http://localhost:3000/:0
[ 1039903ms] [WARNING] The resource http://localhost:3000/_next/static/chunks/%5Broot-of-the-server%5D__0n99re6._.css was preloaded using link preload but not used within a few seconds from the window's load event. Please make sure it has an appropriate `as` value and it is preloaded intentionally. @ http://localhost:3000/:0
[ 1043946ms] [WARNING] The resource http://localhost:3000/_next/static/chunks/%5Broot-of-the-server%5D__0n99re6._.css was preloaded using link preload but not used within a few seconds from the window's load event. Please make sure it has an appropriate `as` value and it is preloaded intentionally. @ http://localhost:3000/:0
[ 1048124ms] [WARNING] The resource http://localhost:3000/_next/static/chunks/%5Broot-of-the-server%5D__0n99re6._.css was preloaded using link preload but not used within a few seconds from the window's load event. Please make sure it has an appropriate `as` value and it is preloaded intentionally. @ http://localhost:3000/:0
[ 1052137ms] [WARNING] The resource http://localhost:3000/_next/static/chunks/%5Broot-of-the-server%5D__0n99re6._.css was preloaded using link preload but not used within a few seconds from the window's load event. Please make sure it has an appropriate `as` value and it is preloaded intentionally. @ http://localhost:3000/:0
[ 1055880ms] [WARNING] The resource http://localhost:3000/_next/static/chunks/%5Broot-of-the-server%5D__0n99re6._.css was preloaded using link preload but not used within a few seconds from the window's load event. Please make sure it has an appropriate `as` value and it is preloaded intentionally. @ http://localhost:3000/:0
[ 1059941ms] [WARNING] The resource http://localhost:3000/_next/static/chunks/%5Broot-of-the-server%5D__0n99re6._.css was preloaded using link preload but not used within a few seconds from the window's load event. Please make sure it has an appropriate `as` value and it is preloaded intentionally. @ http://localhost:3000/:0
[ 1063923ms] [WARNING] The resource http://localhost:3000/_next/static/chunks/%5Broot-of-the-server%5D__0n99re6._.css was preloaded using link preload but not used within a few seconds from the window's load event. Please make sure it has an appropriate `as` value and it is preloaded intentionally. @ http://localhost:3000/:0
[ 1068017ms] [WARNING] The resource http://localhost:3000/_next/static/chunks/%5Broot-of-the-server%5D__0n99re6._.css was preloaded using link preload but not used within a few seconds from the window's load event. Please make sure it has an appropriate `as` value and it is preloaded intentionally. @ http://localhost:3000/:0
[ 1071953ms] [WARNING] The resource http://localhost:3000/_next/static/chunks/%5Broot-of-the-server%5D__0n99re6._.css was preloaded using link preload but not used within a few seconds from the window's load event. Please make sure it has an appropriate `as` value and it is preloaded intentionally. @ http://localhost:3000/:0
[ 1075894ms] [WARNING] The resource http://localhost:3000/_next/static/chunks/%5Broot-of-the-server%5D__0n99re6._.css was preloaded using link preload but not used within a few seconds from the window's load event. Please make sure it has an appropriate `as` value and it is preloaded intentionally. @ http://localhost:3000/:0
[ 1079932ms] [WARNING] The resource http://localhost:3000/_next/static/chunks/%5Broot-of-the-server%5D__0n99re6._.css was preloaded using link preload but not used within a few seconds from the window's load event. Please make sure it has an appropriate `as` value and it is preloaded intentionally. @ http://localhost:3000/:0
[ 1083937ms] [WARNING] The resource http://localhost:3000/_next/static/chunks/%5Broot-of-the-server%5D__0n99re6._.css was preloaded using link preload but not used within a few seconds from the window's load event. Please make sure it has an appropriate `as` value and it is preloaded intentionally. @ http://localhost:3000/:0
[ 1087891ms] [WARNING] The resource http://localhost:3000/_next/static/chunks/%5Broot-of-the-server%5D__0n99re6._.css was preloaded using link preload but not used within a few seconds from the window's load event. Please make sure it has an appropriate `as` value and it is preloaded intentionally. @ http://localhost:3000/:0
[ 1091931ms] [WARNING] The resource http://localhost:3000/_next/static/chunks/%5Broot-of-the-server%5D__0n99re6._.css was preloaded using link preload but not used within a few seconds from the window's load event. Please make sure it has an appropriate `as` value and it is preloaded intentionally. @ http://localhost:3000/:0
[ 1095905ms] [WARNING] The resource http://localhost:3000/_next/static/chunks/%5Broot-of-the-server%5D__0n99re6._.css was preloaded using link preload but not used within a few seconds from the window's load event. Please make sure it has an appropriate `as` value and it is preloaded intentionally. @ http://localhost:3000/:0
[ 1099920ms] [WARNING] The resource http://localhost:3000/_next/static/chunks/%5Broot-of-the-server%5D__0n99re6._.css was preloaded using link preload but not used within a few seconds from the window's load event. Please make sure it has an appropriate `as` value and it is preloaded intentionally. @ http://localhost:3000/:0
[ 1103951ms] [WARNING] The resource http://localhost:3000/_next/static/chunks/%5Broot-of-the-server%5D__0n99re6._.css was preloaded using link preload but not used within a few seconds from the window's load event. Please make sure it has an appropriate `as` value and it is preloaded intentionally. @ http://localhost:3000/:0
[ 1107909ms] [WARNING] The resource http://localhost:3000/_next/static/chunks/%5Broot-of-the-server%5D__0n99re6._.css was preloaded using link preload but not used within a few seconds from the window's load event. Please make sure it has an appropriate `as` value and it is preloaded intentionally. @ http://localhost:3000/:0
[ 1112418ms] [WARNING] The resource http://localhost:3000/_next/static/chunks/%5Broot-of-the-server%5D__0n99re6._.css was preloaded using link preload but not used within a few seconds from the window's load event. Please make sure it has an appropriate `as` value and it is preloaded intentionally. @ http://localhost:3000/:0
[ 1115919ms] [WARNING] The resource http://localhost:3000/_next/static/chunks/%5Broot-of-the-server%5D__0n99re6._.css was preloaded using link preload but not used within a few seconds from the window's load event. Please make sure it has an appropriate `as` value and it is preloaded intentionally. @ http://localhost:3000/:0
[ 1119891ms] [WARNING] The resource http://localhost:3000/_next/static/chunks/%5Broot-of-the-server%5D__0n99re6._.css was preloaded using link preload but not used within a few seconds from the window's load event. Please make sure it has an appropriate `as` value and it is preloaded intentionally. @ http://localhost:3000/:0
[ 1123947ms] [WARNING] The resource http://localhost:3000/_next/static/chunks/%5Broot-of-the-server%5D__0n99re6._.css was preloaded using link preload but not used within a few seconds from the window's load event. Please make sure it has an appropriate `as` value and it is preloaded intentionally. @ http://localhost:3000/:0
[ 1128147ms] [WARNING] The resource http://localhost:3000/_next/static/chunks/%5Broot-of-the-server%5D__0n99re6._.css was preloaded using link preload but not used within a few seconds from the window's load event. Please make sure it has an appropriate `as` value and it is preloaded intentionally. @ http://localhost:3000/:0
[ 1132175ms] [WARNING] The resource http://localhost:3000/_next/static/chunks/%5Broot-of-the-server%5D__0n99re6._.css was preloaded using link preload but not used within a few seconds from the window's load event. Please make sure it has an appropriate `as` value and it is preloaded intentionally. @ http://localhost:3000/:0
[ 1135894ms] [WARNING] The resource http://localhost:3000/_next/static/chunks/%5Broot-of-the-server%5D__0n99re6._.css was preloaded using link preload but not used within a few seconds from the window's load event. Please make sure it has an appropriate `as` value and it is preloaded intentionally. @ http://localhost:3000/:0
[ 1139890ms] [WARNING] The resource http://localhost:3000/_next/static/chunks/%5Broot-of-the-server%5D__0n99re6._.css was preloaded using link preload but not used within a few seconds from the window's load event. Please make sure it has an appropriate `as` value and it is preloaded intentionally. @ http://localhost:3000/:0
[ 1144419ms] [WARNING] The resource http://localhost:3000/_next/static/chunks/%5Broot-of-the-server%5D__0n99re6._.css was preloaded using link preload but not used within a few seconds from the window's load event. Please make sure it has an appropriate `as` value and it is preloaded intentionally. @ http://localhost:3000/:0
[ 1148097ms] [WARNING] The resource http://localhost:3000/_next/static/chunks/%5Broot-of-the-server%5D__0n99re6._.css was preloaded using link preload but not used within a few seconds from the window's load event. Please make sure it has an appropriate `as` value and it is preloaded intentionally. @ http://localhost:3000/:0
[ 1152069ms] [WARNING] The resource http://localhost:3000/_next/static/chunks/%5Broot-of-the-server%5D__0n99re6._.css was preloaded using link preload but not used within a few seconds from the window's load event. Please make sure it has an appropriate `as` value and it is preloaded intentionally. @ http://localhost:3000/:0
[ 1155959ms] [WARNING] The resource http://localhost:3000/_next/static/chunks/%5Broot-of-the-server%5D__0n99re6._.css was preloaded using link preload but not used within a few seconds from the window's load event. Please make sure it has an appropriate `as` value and it is preloaded intentionally. @ http://localhost:3000/:0
[ 1159937ms] [WARNING] The resource http://localhost:3000/_next/static/chunks/%5Broot-of-the-server%5D__0n99re6._.css was preloaded using link preload but not used within a few seconds from the window's load event. Please make sure it has an appropriate `as` value and it is preloaded intentionally. @ http://localhost:3000/:0
[ 1164023ms] [WARNING] The resource http://localhost:3000/_next/static/chunks/%5Broot-of-the-server%5D__0n99re6._.css was preloaded using link preload but not used within a few seconds from the window's load event. Please make sure it has an appropriate `as` value and it is preloaded intentionally. @ http://localhost:3000/:0
[ 1167897ms] [WARNING] The resource http://localhost:3000/_next/static/chunks/%5Broot-of-the-server%5D__0n99re6._.css was preloaded using link preload but not used within a few seconds from the window's load event. Please make sure it has an appropriate `as` value and it is preloaded intentionally. @ http://localhost:3000/:0
[ 1171968ms] [WARNING] The resource http://localhost:3000/_next/static/chunks/%5Broot-of-the-server%5D__0n99re6._.css was preloaded using link preload but not used within a few seconds from the window's load event. Please make sure it has an appropriate `as` value and it is preloaded intentionally. @ http://localhost:3000/:0
[ 1175908ms] [WARNING] The resource http://localhost:3000/_next/static/chunks/%5Broot-of-the-server%5D__0n99re6._.css was preloaded using link preload but not used within a few seconds from the window's load event. Please make sure it has an appropriate `as` value and it is preloaded intentionally. @ http://localhost:3000/:0
[ 1180051ms] [WARNING] The resource http://localhost:3000/_next/static/chunks/%5Broot-of-the-server%5D__0n99re6._.css was preloaded using link preload but not used within a few seconds from the window's load event. Please make sure it has an appropriate `as` value and it is preloaded intentionally. @ http://localhost:3000/:0
[ 1183866ms] [WARNING] The resource http://localhost:3000/_next/static/chunks/%5Broot-of-the-server%5D__0n99re6._.css was preloaded using link preload but not used within a few seconds from the window's load event. Please make sure it has an appropriate `as` value and it is preloaded intentionally. @ http://localhost:3000/:0
[ 1187912ms] [WARNING] The resource http://localhost:3000/_next/static/chunks/%5Broot-of-the-server%5D__0n99re6._.css was preloaded using link preload but not used within a few seconds from the window's load event. Please make sure it has an appropriate `as` value and it is preloaded intentionally. @ http://localhost:3000/:0
[ 1192013ms] [WARNING] The resource http://localhost:3000/_next/static/chunks/%5Broot-of-the-server%5D__0n99re6._.css was preloaded using link preload but not used within a few seconds from the window's load event. Please make sure it has an appropriate `as` value and it is preloaded intentionally. @ http://localhost:3000/:0
[ 1195904ms] [WARNING] The resource http://localhost:3000/_next/static/chunks/%5Broot-of-the-server%5D__0n99re6._.css was preloaded using link preload but not used within a few seconds from the window's load event. Please make sure it has an appropriate `as` value and it is preloaded intentionally. @ http://localhost:3000/:0
[ 1199911ms] [WARNING] The resource http://localhost:3000/_next/static/chunks/%5Broot-of-the-server%5D__0n99re6._.css was preloaded using link preload but not used within a few seconds from the window's load event. Please make sure it has an appropriate `as` value and it is preloaded intentionally. @ http://localhost:3000/:0
[ 1203946ms] [WARNING] The resource http://localhost:3000/_next/static/chunks/%5Broot-of-the-server%5D__0n99re6._.css was preloaded using link preload but not used within a few seconds from the window's load event. Please make sure it has an appropriate `as` value and it is preloaded intentionally. @ http://localhost:3000/:0
[ 1208430ms] [WARNING] The resource http://localhost:3000/_next/static/chunks/%5Broot-of-the-server%5D__0n99re6._.css was preloaded using link preload but not used within a few seconds from the window's load event. Please make sure it has an appropriate `as` value and it is preloaded intentionally. @ http://localhost:3000/:0
[ 1212644ms] [WARNING] The resource http://localhost:3000/_next/static/chunks/%5Broot-of-the-server%5D__0n99re6._.css was preloaded using link preload but not used within a few seconds from the window's load event. Please make sure it has an appropriate `as` value and it is preloaded intentionally. @ http://localhost:3000/:0
[ 1215902ms] [WARNING] The resource http://localhost:3000/_next/static/chunks/%5Broot-of-the-server%5D__0n99re6._.css was preloaded using link preload but not used within a few seconds from the window's load event. Please make sure it has an appropriate `as` value and it is preloaded intentionally. @ http://localhost:3000/:0
[ 1220029ms] [WARNING] The resource http://localhost:3000/_next/static/chunks/%5Broot-of-the-server%5D__0n99re6._.css was preloaded using link preload but not used within a few seconds from the window's load event. Please make sure it has an appropriate `as` value and it is preloaded intentionally. @ http://localhost:3000/:0
[ 1223950ms] [WARNING] The resource http://localhost:3000/_next/static/chunks/%5Broot-of-the-server%5D__0n99re6._.css was preloaded using link preload but not used within a few seconds from the window's load event. Please make sure it has an appropriate `as` value and it is preloaded intentionally. @ http://localhost:3000/:0
[ 1227936ms] [WARNING] The resource http://localhost:3000/_next/static/chunks/%5Broot-of-the-server%5D__0n99re6._.css was preloaded using link preload but not used within a few seconds from the window's load event. Please make sure it has an appropriate `as` value and it is preloaded intentionally. @ http://localhost:3000/:0
[ 1231950ms] [WARNING] The resource http://localhost:3000/_next/static/chunks/%5Broot-of-the-server%5D__0n99re6._.css was preloaded using link preload but not used within a few seconds from the window's load event. Please make sure it has an appropriate `as` value and it is preloaded intentionally. @ http://localhost:3000/:0
[ 1235946ms] [WARNING] The resource http://localhost:3000/_next/static/chunks/%5Broot-of-the-server%5D__0n99re6._.css was preloaded using link preload but not used within a few seconds from the window's load event. Please make sure it has an appropriate `as` value and it is preloaded intentionally. @ http://localhost:3000/:0
[ 1239903ms] [WARNING] The resource http://localhost:3000/_next/static/chunks/%5Broot-of-the-server%5D__0n99re6._.css was preloaded using link preload but not used within a few seconds from the window's load event. Please make sure it has an appropriate `as` value and it is preloaded intentionally. @ http://localhost:3000/:0
[ 1243956ms] [WARNING] The resource http://localhost:3000/_next/static/chunks/%5Broot-of-the-server%5D__0n99re6._.css was preloaded using link preload but not used within a few seconds from the window's load event. Please make sure it has an appropriate `as` value and it is preloaded intentionally. @ http://localhost:3000/:0
[ 1247893ms] [WARNING] The resource http://localhost:3000/_next/static/chunks/%5Broot-of-the-server%5D__0n99re6._.css was preloaded using link preload but not used within a few seconds from the window's load event. Please make sure it has an appropriate `as` value and it is preloaded intentionally. @ http://localhost:3000/:0
[ 1252013ms] [WARNING] The resource http://localhost:3000/_next/static/chunks/%5Broot-of-the-server%5D__0n99re6._.css was preloaded using link preload but not used within a few seconds from the window's load event. Please make sure it has an appropriate `as` value and it is preloaded intentionally. @ http://localhost:3000/:0
[ 1256442ms] [WARNING] The resource http://localhost:3000/_next/static/chunks/%5Broot-of-the-server%5D__0n99re6._.css was preloaded using link preload but not used within a few seconds from the window's load event. Please make sure it has an appropriate `as` value and it is preloaded intentionally. @ http://localhost:3000/:0
[ 1260020ms] [WARNING] The resource http://localhost:3000/_next/static/chunks/%5Broot-of-the-server%5D__0n99re6._.css was preloaded using link preload but not used within a few seconds from the window's load event. Please make sure it has an appropriate `as` value and it is preloaded intentionally. @ http://localhost:3000/:0
[ 1263916ms] [WARNING] The resource http://localhost:3000/_next/static/chunks/%5Broot-of-the-server%5D__0n99re6._.css was preloaded using link preload but not used within a few seconds from the window's load event. Please make sure it has an appropriate `as` value and it is preloaded intentionally. @ http://localhost:3000/:0
[ 1267894ms] [WARNING] The resource http://localhost:3000/_next/static/chunks/%5Broot-of-the-server%5D__0n99re6._.css was preloaded using link preload but not used within a few seconds from the window's load event. Please make sure it has an appropriate `as` value and it is preloaded intentionally. @ http://localhost:3000/:0
[ 1272550ms] [WARNING] The resource http://localhost:3000/_next/static/chunks/%5Broot-of-the-server%5D__0n99re6._.css was preloaded using link preload but not used within a few seconds from the window's load event. Please make sure it has an appropriate `as` value and it is preloaded intentionally. @ http://localhost:3000/:0
[ 1276039ms] [WARNING] The resource http://localhost:3000/_next/static/chunks/%5Broot-of-the-server%5D__0n99re6._.css was preloaded using link preload but not used within a few seconds from the window's load event. Please make sure it has an appropriate `as` value and it is preloaded intentionally. @ http://localhost:3000/:0
[ 1279879ms] [WARNING] The resource http://localhost:3000/_next/static/chunks/%5Broot-of-the-server%5D__0n99re6._.css was preloaded using link preload but not used within a few seconds from the window's load event. Please make sure it has an appropriate `as` value and it is preloaded intentionally. @ http://localhost:3000/:0
[ 1283998ms] [WARNING] The resource http://localhost:3000/_next/static/chunks/%5Broot-of-the-server%5D__0n99re6._.css was preloaded using link preload but not used within a few seconds from the window's load event. Please make sure it has an appropriate `as` value and it is preloaded intentionally. @ http://localhost:3000/:0
[ 1287939ms] [WARNING] The resource http://localhost:3000/_next/static/chunks/%5Broot-of-the-server%5D__0n99re6._.css was preloaded using link preload but not used within a few seconds from the window's load event. Please make sure it has an appropriate `as` value and it is preloaded intentionally. @ http://localhost:3000/:0
[ 1292085ms] [WARNING] The resource http://localhost:3000/_next/static/chunks/%5Broot-of-the-server%5D__0n99re6._.css was preloaded using link preload but not used within a few seconds from the window's load event. Please make sure it has an appropriate `as` value and it is preloaded intentionally. @ http://localhost:3000/:0
[ 1294832ms] [LOG] [Fast Refresh] rebuilding @ http://localhost:3000/_next/static/chunks/node_modules_next_dist_115brz8._.js:2477
[ 1299930ms] [WARNING] The resource http://localhost:3000/_next/static/chunks/%5Broot-of-the-server%5D__0n99re6._.css was preloaded using link preload but not used within a few seconds from the window's load event. Please make sure it has an appropriate `as` value and it is preloaded intentionally. @ http://localhost:3000/:0
[ 1305416ms] [LOG] [Fast Refresh] done in 10670ms @ http://localhost:3000/_next/static/chunks/node_modules_next_dist_115brz8._.js:2477
[ 1305783ms] [LOG] [Fast Refresh] rebuilding @ http://localhost:3000/_next/static/chunks/node_modules_next_dist_115brz8._.js:2477
[ 1312030ms] [LOG] [Fast Refresh] done in 4632ms @ http://localhost:3000/_next/static/chunks/node_modules_next_dist_115brz8._.js:2477
[ 1313485ms] [LOG] [Fast Refresh] rebuilding @ http://localhost:3000/_next/static/chunks/node_modules_next_dist_115brz8._.js:2477
[ 1313496ms] [LOG] [Fast Refresh] done in 1457ms @ http://localhost:3000/_next/static/chunks/node_modules_next_dist_115brz8._.js:2477
[ 1315728ms] [LOG] [Fast Refresh] rebuilding @ http://localhost:3000/_next/static/chunks/node_modules_next_dist_115brz8._.js:2477
[ 1316481ms] [LOG] [Fast Refresh] done in 855ms @ http://localhost:3000/_next/static/chunks/node_modules_next_dist_115brz8._.js:2477
[ 1322718ms] [LOG] [Fast Refresh] rebuilding @ http://localhost:3000/_next/static/chunks/node_modules_next_dist_115brz8._.js:2477
[ 1323871ms] [LOG] [Fast Refresh] done in 1467ms @ http://localhost:3000/_next/static/chunks/node_modules_next_dist_115brz8._.js:2477
[ 1325014ms] [ERROR] Failed to load resource: the server responded with a status of 404 (Not Found) @ http://localhost:3000/icon.png:0
[ 1325250ms] [LOG] [Fast Refresh] rebuilding @ http://localhost:3000/_next/static/chunks/node_modules_next_dist_115brz8._.js:2477
[ 1325533ms] [LOG] [Fast Refresh] done in 413ms @ http://localhost:3000/_next/static/chunks/node_modules_next_dist_115brz8._.js:2477
[ 1325856ms] [WARNING] Error while trying to use the following icon from the Manifest: http://localhost:3000/icon.png (Download error or resource isn't a valid image) @ http://localhost:3000/:0
[ 1331946ms] [WARNING] The resource http://localhost:3000/_next/static/chunks/%5Broot-of-the-server%5D__0n99re6._.css was preloaded using link preload but not used within a few seconds from the window's load event. Please make sure it has an appropriate `as` value and it is preloaded intentionally. @ http://localhost:3000/:0
[ 1335913ms] [WARNING] The resource http://localhost:3000/_next/static/chunks/%5Broot-of-the-server%5D__0n99re6._.css was preloaded using link preload but not used within a few seconds from the window's load event. Please make sure it has an appropriate `as` value and it is preloaded intentionally. @ http://localhost:3000/:0
[ 1338670ms] [LOG] [Fast Refresh] rebuilding @ http://localhost:3000/_next/static/chunks/node_modules_next_dist_115brz8._.js:2477
[ 1345373ms] [LOG] [Fast Refresh] done in 6830ms @ http://localhost:3000/_next/static/chunks/node_modules_next_dist_115brz8._.js:2477
[ 1345376ms] [WARNING] The resource http://localhost:3000/_next/static/chunks/%5Broot-of-the-server%5D__0n99re6._.css was preloaded using link preload but not used within a few seconds from the window's load event. Please make sure it has an appropriate `as` value and it is preloaded intentionally. @ http://localhost:3000/:0
[ 1345596ms] [LOG] [Fast Refresh] rebuilding @ http://localhost:3000/_next/static/chunks/node_modules_next_dist_115brz8._.js:2477
[ 1346650ms] [LOG] [Fast Refresh] done in 1265ms @ http://localhost:3000/_next/static/chunks/node_modules_next_dist_115brz8._.js:2477
[ 1347152ms] [LOG] [Fast Refresh] rebuilding @ http://localhost:3000/_next/static/chunks/node_modules_next_dist_115brz8._.js:2477
[ 1347645ms] [LOG] [Fast Refresh] done in 612ms @ http://localhost:3000/_next/static/chunks/node_modules_next_dist_115brz8._.js:2477
[ 1348563ms] [LOG] [Fast Refresh] rebuilding @ http://localhost:3000/_next/static/chunks/node_modules_next_dist_115brz8._.js:2477
[ 1348902ms] [LOG] [Fast Refresh] done in 464ms @ http://localhost:3000/_next/static/chunks/node_modules_next_dist_115brz8._.js:2477
[ 1349177ms] [LOG] [Fast Refresh] rebuilding @ http://localhost:3000/_next/static/chunks/node_modules_next_dist_115brz8._.js:2477
[ 1349532ms] [LOG] [Fast Refresh] done in 522ms @ http://localhost:3000/_next/static/chunks/node_modules_next_dist_115brz8._.js:2477
[ 1352937ms] [LOG] [Fast Refresh] rebuilding @ http://localhost:3000/_next/static/chunks/node_modules_next_dist_115brz8._.js:2477
[ 1354413ms] [LOG] [Fast Refresh] done in 1724ms @ http://localhost:3000/_next/static/chunks/node_modules_next_dist_115brz8._.js:2477
[ 1356253ms] [ERROR] Failed to load resource: the server responded with a status of 404 (Not Found) @ http://localhost:3000/icon.png:0
[ 1356273ms] [LOG] [Fast Refresh] rebuilding @ http://localhost:3000/_next/static/chunks/node_modules_next_dist_115brz8._.js:2477
[ 1356296ms] [LOG] [Fast Refresh] done in 638ms @ http://localhost:3000/_next/static/chunks/node_modules_next_dist_115brz8._.js:2477
[ 1356298ms] [WARNING] Error while trying to use the following icon from the Manifest: http://localhost:3000/icon.png (Download error or resource isn't a valid image) @ http://localhost:3000/:0
[ 1359942ms] [WARNING] The resource http://localhost:3000/_next/static/chunks/%5Broot-of-the-server%5D__0n99re6._.css was preloaded using link preload but not used within a few seconds from the window's load event. Please make sure it has an appropriate `as` value and it is preloaded intentionally. @ http://localhost:3000/:0
[ 1363944ms] [WARNING] The resource http://localhost:3000/_next/static/chunks/%5Broot-of-the-server%5D__0n99re6._.css was preloaded using link preload but not used within a few seconds from the window's load event. Please make sure it has an appropriate `as` value and it is preloaded intentionally. @ http://localhost:3000/:0
[ 1367928ms] [WARNING] The resource http://localhost:3000/_next/static/chunks/%5Broot-of-the-server%5D__0n99re6._.css was preloaded using link preload but not used within a few seconds from the window's load event. Please make sure it has an appropriate `as` value and it is preloaded intentionally. @ http://localhost:3000/:0
[ 1371963ms] [WARNING] The resource http://localhost:3000/_next/static/chunks/%5Broot-of-the-server%5D__0n99re6._.css was preloaded using link preload but not used within a few seconds from the window's load event. Please make sure it has an appropriate `as` value and it is preloaded intentionally. @ http://localhost:3000/:0
[ 1375911ms] [WARNING] The resource http://localhost:3000/_next/static/chunks/%5Broot-of-the-server%5D__0n99re6._.css was preloaded using link preload but not used within a few seconds from the window's load event. Please make sure it has an appropriate `as` value and it is preloaded intentionally. @ http://localhost:3000/:0
[ 1379933ms] [WARNING] The resource http://localhost:3000/_next/static/chunks/%5Broot-of-the-server%5D__0n99re6._.css was preloaded using link preload but not used within a few seconds from the window's load event. Please make sure it has an appropriate `as` value and it is preloaded intentionally. @ http://localhost:3000/:0
[ 1383920ms] [WARNING] The resource http://localhost:3000/_next/static/chunks/%5Broot-of-the-server%5D__0n99re6._.css was preloaded using link preload but not used within a few seconds from the window's load event. Please make sure it has an appropriate `as` value and it is preloaded intentionally. @ http://localhost:3000/:0
[ 1387920ms] [WARNING] The resource http://localhost:3000/_next/static/chunks/%5Broot-of-the-server%5D__0n99re6._.css was preloaded using link preload but not used within a few seconds from the window's load event. Please make sure it has an appropriate `as` value and it is preloaded intentionally. @ http://localhost:3000/:0
[ 1392373ms] [WARNING] The resource http://localhost:3000/_next/static/chunks/%5Broot-of-the-server%5D__0n99re6._.css was preloaded using link preload but not used within a few seconds from the window's load event. Please make sure it has an appropriate `as` value and it is preloaded intentionally. @ http://localhost:3000/:0
[ 1395898ms] [WARNING] The resource http://localhost:3000/_next/static/chunks/%5Broot-of-the-server%5D__0n99re6._.css was preloaded using link preload but not used within a few seconds from the window's load event. Please make sure it has an appropriate `as` value and it is preloaded intentionally. @ http://localhost:3000/:0
[ 1399902ms] [WARNING] The resource http://localhost:3000/_next/static/chunks/%5Broot-of-the-server%5D__0n99re6._.css was preloaded using link preload but not used within a few seconds from the window's load event. Please make sure it has an appropriate `as` value and it is preloaded intentionally. @ http://localhost:3000/:0
[ 1403949ms] [WARNING] The resource http://localhost:3000/_next/static/chunks/%5Broot-of-the-server%5D__0n99re6._.css was preloaded using link preload but not used within a few seconds from the window's load event. Please make sure it has an appropriate `as` value and it is preloaded intentionally. @ http://localhost:3000/:0
[ 1407902ms] [WARNING] The resource http://localhost:3000/_next/static/chunks/%5Broot-of-the-server%5D__0n99re6._.css was preloaded using link preload but not used within a few seconds from the window's load event. Please make sure it has an appropriate `as` value and it is preloaded intentionally. @ http://localhost:3000/:0
[ 1411959ms] [WARNING] The resource http://localhost:3000/_next/static/chunks/%5Broot-of-the-server%5D__0n99re6._.css was preloaded using link preload but not used within a few seconds from the window's load event. Please make sure it has an appropriate `as` value and it is preloaded intentionally. @ http://localhost:3000/:0
[ 1415899ms] [WARNING] The resource http://localhost:3000/_next/static/chunks/%5Broot-of-the-server%5D__0n99re6._.css was preloaded using link preload but not used within a few seconds from the window's load event. Please make sure it has an appropriate `as` value and it is preloaded intentionally. @ http://localhost:3000/:0
[ 1419937ms] [WARNING] The resource http://localhost:3000/_next/static/chunks/%5Broot-of-the-server%5D__0n99re6._.css was preloaded using link preload but not used within a few seconds from the window's load event. Please make sure it has an appropriate `as` value and it is preloaded intentionally. @ http://localhost:3000/:0
[ 1423874ms] [WARNING] The resource http://localhost:3000/_next/static/chunks/%5Broot-of-the-server%5D__0n99re6._.css was preloaded using link preload but not used within a few seconds from the window's load event. Please make sure it has an appropriate `as` value and it is preloaded intentionally. @ http://localhost:3000/:0
[ 1427943ms] [WARNING] The resource http://localhost:3000/_next/static/chunks/%5Broot-of-the-server%5D__0n99re6._.css was preloaded using link preload but not used within a few seconds from the window's load event. Please make sure it has an appropriate `as` value and it is preloaded intentionally. @ http://localhost:3000/:0
[ 1431922ms] [WARNING] The resource http://localhost:3000/_next/static/chunks/%5Broot-of-the-server%5D__0n99re6._.css was preloaded using link preload but not used within a few seconds from the window's load event. Please make sure it has an appropriate `as` value and it is preloaded intentionally. @ http://localhost:3000/:0
[ 1439923ms] [WARNING] The resource http://localhost:3000/_next/static/chunks/%5Broot-of-the-server%5D__0n99re6._.css was preloaded using link preload but not used within a few seconds from the window's load event. Please make sure it has an appropriate `as` value and it is preloaded intentionally. @ http://localhost:3000/:0
[ 1443904ms] [WARNING] The resource http://localhost:3000/_next/static/chunks/%5Broot-of-the-server%5D__0n99re6._.css was preloaded using link preload but not used within a few seconds from the window's load event. Please make sure it has an appropriate `as` value and it is preloaded intentionally. @ http://localhost:3000/:0
[ 1447916ms] [WARNING] The resource http://localhost:3000/_next/static/chunks/%5Broot-of-the-server%5D__0n99re6._.css was preloaded using link preload but not used within a few seconds from the window's load event. Please make sure it has an appropriate `as` value and it is preloaded intentionally. @ http://localhost:3000/:0
[ 1451952ms] [WARNING] The resource http://localhost:3000/_next/static/chunks/%5Broot-of-the-server%5D__0n99re6._.css was preloaded using link preload but not used within a few seconds from the window's load event. Please make sure it has an appropriate `as` value and it is preloaded intentionally. @ http://localhost:3000/:0
[ 1455922ms] [WARNING] The resource http://localhost:3000/_next/static/chunks/%5Broot-of-the-server%5D__0n99re6._.css was preloaded using link preload but not used within a few seconds from the window's load event. Please make sure it has an appropriate `as` value and it is preloaded intentionally. @ http://localhost:3000/:0
[ 1459910ms] [WARNING] The resource http://localhost:3000/_next/static/chunks/%5Broot-of-the-server%5D__0n99re6._.css was preloaded using link preload but not used within a few seconds from the window's load event. Please make sure it has an appropriate `as` value and it is preloaded intentionally. @ http://localhost:3000/:0
[ 1463899ms] [WARNING] The resource http://localhost:3000/_next/static/chunks/%5Broot-of-the-server%5D__0n99re6._.css was preloaded using link preload but not used within a few seconds from the window's load event. Please make sure it has an appropriate `as` value and it is preloaded intentionally. @ http://localhost:3000/:0
[ 1467946ms] [WARNING] The resource http://localhost:3000/_next/static/chunks/%5Broot-of-the-server%5D__0n99re6._.css was preloaded using link preload but not used within a few seconds from the window's load event. Please make sure it has an appropriate `as` value and it is preloaded intentionally. @ http://localhost:3000/:0
[ 1472146ms] [WARNING] The resource http://localhost:3000/_next/static/chunks/%5Broot-of-the-server%5D__0n99re6._.css was preloaded using link preload but not used within a few seconds from the window's load event. Please make sure it has an appropriate `as` value and it is preloaded intentionally. @ http://localhost:3000/:0
[ 1475883ms] [WARNING] The resource http://localhost:3000/_next/static/chunks/%5Broot-of-the-server%5D__0n99re6._.css was preloaded using link preload but not used within a few seconds from the window's load event. Please make sure it has an appropriate `as` value and it is preloaded intentionally. @ http://localhost:3000/:0
[ 1479904ms] [WARNING] The resource http://localhost:3000/_next/static/chunks/%5Broot-of-the-server%5D__0n99re6._.css was preloaded using link preload but not used within a few seconds from the window's load event. Please make sure it has an appropriate `as` value and it is preloaded intentionally. @ http://localhost:3000/:0
[ 1483929ms] [WARNING] The resource http://localhost:3000/_next/static/chunks/%5Broot-of-the-server%5D__0n99re6._.css was preloaded using link preload but not used within a few seconds from the window's load event. Please make sure it has an appropriate `as` value and it is preloaded intentionally. @ http://localhost:3000/:0
[ 1487936ms] [WARNING] The resource http://localhost:3000/_next/static/chunks/%5Broot-of-the-server%5D__0n99re6._.css was preloaded using link preload but not used within a few seconds from the window's load event. Please make sure it has an appropriate `as` value and it is preloaded intentionally. @ http://localhost:3000/:0
[ 1491913ms] [WARNING] The resource http://localhost:3000/_next/static/chunks/%5Broot-of-the-server%5D__0n99re6._.css was preloaded using link preload but not used within a few seconds from the window's load event. Please make sure it has an appropriate `as` value and it is preloaded intentionally. @ http://localhost:3000/:0
[ 1495951ms] [WARNING] The resource http://localhost:3000/_next/static/chunks/%5Broot-of-the-server%5D__0n99re6._.css was preloaded using link preload but not used within a few seconds from the window's load event. Please make sure it has an appropriate `as` value and it is preloaded intentionally. @ http://localhost:3000/:0
[ 1500225ms] [WARNING] The resource http://localhost:3000/_next/static/chunks/%5Broot-of-the-server%5D__0n99re6._.css was preloaded using link preload but not used within a few seconds from the window's load event. Please make sure it has an appropriate `as` value and it is preloaded intentionally. @ http://localhost:3000/:0
[ 1503997ms] [WARNING] The resource http://localhost:3000/_next/static/chunks/%5Broot-of-the-server%5D__0n99re6._.css was preloaded using link preload but not used within a few seconds from the window's load event. Please make sure it has an appropriate `as` value and it is preloaded intentionally. @ http://localhost:3000/:0
[ 1507883ms] [WARNING] The resource http://localhost:3000/_next/static/chunks/%5Broot-of-the-server%5D__0n99re6._.css was preloaded using link preload but not used within a few seconds from the window's load event. Please make sure it has an appropriate `as` value and it is preloaded intentionally. @ http://localhost:3000/:0
[ 1511958ms] [WARNING] The resource http://localhost:3000/_next/static/chunks/%5Broot-of-the-server%5D__0n99re6._.css was preloaded using link preload but not used within a few seconds from the window's load event. Please make sure it has an appropriate `as` value and it is preloaded intentionally. @ http://localhost:3000/:0
[ 1515962ms] [WARNING] The resource http://localhost:3000/_next/static/chunks/%5Broot-of-the-server%5D__0n99re6._.css was preloaded using link preload but not used within a few seconds from the window's load event. Please make sure it has an appropriate `as` value and it is preloaded intentionally. @ http://localhost:3000/:0
[ 1519917ms] [WARNING] The resource http://localhost:3000/_next/static/chunks/%5Broot-of-the-server%5D__0n99re6._.css was preloaded using link preload but not used within a few seconds from the window's load event. Please make sure it has an appropriate `as` value and it is preloaded intentionally. @ http://localhost:3000/:0
[ 1523914ms] [WARNING] The resource http://localhost:3000/_next/static/chunks/%5Broot-of-the-server%5D__0n99re6._.css was preloaded using link preload but not used within a few seconds from the window's load event. Please make sure it has an appropriate `as` value and it is preloaded intentionally. @ http://localhost:3000/:0
[ 1527940ms] [WARNING] The resource http://localhost:3000/_next/static/chunks/%5Broot-of-the-server%5D__0n99re6._.css was preloaded using link preload but not used within a few seconds from the window's load event. Please make sure it has an appropriate `as` value and it is preloaded intentionally. @ http://localhost:3000/:0
[ 1532236ms] [WARNING] The resource http://localhost:3000/_next/static/chunks/%5Broot-of-the-server%5D__0n99re6._.css was preloaded using link preload but not used within a few seconds from the window's load event. Please make sure it has an appropriate `as` value and it is preloaded intentionally. @ http://localhost:3000/:0
[ 1536023ms] [WARNING] The resource http://localhost:3000/_next/static/chunks/%5Broot-of-the-server%5D__0n99re6._.css was preloaded using link preload but not used within a few seconds from the window's load event. Please make sure it has an appropriate `as` value and it is preloaded intentionally. @ http://localhost:3000/:0
[ 1539879ms] [WARNING] The resource http://localhost:3000/_next/static/chunks/%5Broot-of-the-server%5D__0n99re6._.css was preloaded using link preload but not used within a few seconds from the window's load event. Please make sure it has an appropriate `as` value and it is preloaded intentionally. @ http://localhost:3000/:0
[ 1543903ms] [WARNING] The resource http://localhost:3000/_next/static/chunks/%5Broot-of-the-server%5D__0n99re6._.css was preloaded using link preload but not used within a few seconds from the window's load event. Please make sure it has an appropriate `as` value and it is preloaded intentionally. @ http://localhost:3000/:0
[ 1547900ms] [WARNING] The resource http://localhost:3000/_next/static/chunks/%5Broot-of-the-server%5D__0n99re6._.css was preloaded using link preload but not used within a few seconds from the window's load event. Please make sure it has an appropriate `as` value and it is preloaded intentionally. @ http://localhost:3000/:0
[ 1549457ms] [LOG] [Fast Refresh] rebuilding @ http://localhost:3000/_next/static/chunks/node_modules_next_dist_115brz8._.js:2477
[ 1556313ms] [LOG] [Fast Refresh] done in 5106ms @ http://localhost:3000/_next/static/chunks/node_modules_next_dist_115brz8._.js:2477
[ 1556318ms] [WARNING] The resource http://localhost:3000/_next/static/chunks/%5Broot-of-the-server%5D__0n99re6._.css was preloaded using link preload but not used within a few seconds from the window's load event. Please make sure it has an appropriate `as` value and it is preloaded intentionally. @ http://localhost:3000/:0
[ 1557711ms] [LOG] [Fast Refresh] rebuilding @ http://localhost:3000/_next/static/chunks/node_modules_next_dist_115brz8._.js:2477
[ 1557724ms] [LOG] [Fast Refresh] done in 1407ms @ http://localhost:3000/_next/static/chunks/node_modules_next_dist_115brz8._.js:2477
[ 1557941ms] [LOG] [Fast Refresh] rebuilding @ http://localhost:3000/_next/static/chunks/node_modules_next_dist_115brz8._.js:2477
[ 1558271ms] [LOG] [Fast Refresh] done in 534ms @ http://localhost:3000/_next/static/chunks/node_modules_next_dist_115brz8._.js:2477
[ 1558689ms] [LOG] [Fast Refresh] rebuilding @ http://localhost:3000/_next/static/chunks/node_modules_next_dist_115brz8._.js:2477
[ 1559388ms] [LOG] [Fast Refresh] done in 803ms @ http://localhost:3000/_next/static/chunks/node_modules_next_dist_115brz8._.js:2477
[ 1563053ms] [LOG] [Fast Refresh] rebuilding @ http://localhost:3000/_next/static/chunks/node_modules_next_dist_115brz8._.js:2477
[ 1563502ms] [LOG] [Fast Refresh] done in 1077ms @ http://localhost:3000/_next/static/chunks/node_modules_next_dist_115brz8._.js:2477
[ 1564969ms] [LOG] [Fast Refresh] rebuilding @ http://localhost:3000/_next/static/chunks/node_modules_next_dist_115brz8._.js:2477
[ 1564999ms] [LOG] [Fast Refresh] done in 201ms @ http://localhost:3000/_next/static/chunks/node_modules_next_dist_115brz8._.js:2477
[ 1565170ms] [ERROR] Failed to load resource: the server responded with a status of 404 (Not Found) @ http://localhost:3000/icon.png:0
[ 1565271ms] [WARNING] Error while trying to use the following icon from the Manifest: http://localhost:3000/icon.png (Download error or resource isn't a valid image) @ http://localhost:3000/:0
[ 1568255ms] [WARNING] The resource http://localhost:3000/_next/static/chunks/%5Broot-of-the-server%5D__0n99re6._.css was preloaded using link preload but not used within a few seconds from the window's load event. Please make sure it has an appropriate `as` value and it is preloaded intentionally. @ http://localhost:3000/:0
[ 1571945ms] [WARNING] The resource http://localhost:3000/_next/static/chunks/%5Broot-of-the-server%5D__0n99re6._.css was preloaded using link preload but not used within a few seconds from the window's load event. Please make sure it has an appropriate `as` value and it is preloaded intentionally. @ http://localhost:3000/:0
[ 1575916ms] [WARNING] The resource http://localhost:3000/_next/static/chunks/%5Broot-of-the-server%5D__0n99re6._.css was preloaded using link preload but not used within a few seconds from the window's load event. Please make sure it has an appropriate `as` value and it is preloaded intentionally. @ http://localhost:3000/:0
[ 1579927ms] [WARNING] The resource http://localhost:3000/_next/static/chunks/%5Broot-of-the-server%5D__0n99re6._.css was preloaded using link preload but not used within a few seconds from the window's load event. Please make sure it has an appropriate `as` value and it is preloaded intentionally. @ http://localhost:3000/:0
[ 1583898ms] [WARNING] The resource http://localhost:3000/_next/static/chunks/%5Broot-of-the-server%5D__0n99re6._.css was preloaded using link preload but not used within a few seconds from the window's load event. Please make sure it has an appropriate `as` value and it is preloaded intentionally. @ http://localhost:3000/:0
[ 1587881ms] [WARNING] The resource http://localhost:3000/_next/static/chunks/%5Broot-of-the-server%5D__0n99re6._.css was preloaded using link preload but not used within a few seconds from the window's load event. Please make sure it has an appropriate `as` value and it is preloaded intentionally. @ http://localhost:3000/:0
[ 1591921ms] [WARNING] The resource http://localhost:3000/_next/static/chunks/%5Broot-of-the-server%5D__0n99re6._.css was preloaded using link preload but not used within a few seconds from the window's load event. Please make sure it has an appropriate `as` value and it is preloaded intentionally. @ http://localhost:3000/:0
[ 1595909ms] [WARNING] The resource http://localhost:3000/_next/static/chunks/%5Broot-of-the-server%5D__0n99re6._.css was preloaded using link preload but not used within a few seconds from the window's load event. Please make sure it has an appropriate `as` value and it is preloaded intentionally. @ http://localhost:3000/:0
[ 1600030ms] [WARNING] The resource http://localhost:3000/_next/static/chunks/%5Broot-of-the-server%5D__0n99re6._.css was preloaded using link preload but not used within a few seconds from the window's load event. Please make sure it has an appropriate `as` value and it is preloaded intentionally. @ http://localhost:3000/:0
[ 1603892ms] [WARNING] The resource http://localhost:3000/_next/static/chunks/%5Broot-of-the-server%5D__0n99re6._.css was preloaded using link preload but not used within a few seconds from the window's load event. Please make sure it has an appropriate `as` value and it is preloaded intentionally. @ http://localhost:3000/:0
[ 1607928ms] [WARNING] The resource http://localhost:3000/_next/static/chunks/%5Broot-of-the-server%5D__0n99re6._.css was preloaded using link preload but not used within a few seconds from the window's load event. Please make sure it has an appropriate `as` value and it is preloaded intentionally. @ http://localhost:3000/:0
[ 1611936ms] [WARNING] The resource http://localhost:3000/_next/static/chunks/%5Broot-of-the-server%5D__0n99re6._.css was preloaded using link preload but not used within a few seconds from the window's load event. Please make sure it has an appropriate `as` value and it is preloaded intentionally. @ http://localhost:3000/:0
[ 1615924ms] [WARNING] The resource http://localhost:3000/_next/static/chunks/%5Broot-of-the-server%5D__0n99re6._.css was preloaded using link preload but not used within a few seconds from the window's load event. Please make sure it has an appropriate `as` value and it is preloaded intentionally. @ http://localhost:3000/:0
[ 1619964ms] [WARNING] The resource http://localhost:3000/_next/static/chunks/%5Broot-of-the-server%5D__0n99re6._.css was preloaded using link preload but not used within a few seconds from the window's load event. Please make sure it has an appropriate `as` value and it is preloaded intentionally. @ http://localhost:3000/:0
[ 1623888ms] [WARNING] The resource http://localhost:3000/_next/static/chunks/%5Broot-of-the-server%5D__0n99re6._.css was preloaded using link preload but not used within a few seconds from the window's load event. Please make sure it has an appropriate `as` value and it is preloaded intentionally. @ http://localhost:3000/:0
[ 1627919ms] [WARNING] The resource http://localhost:3000/_next/static/chunks/%5Broot-of-the-server%5D__0n99re6._.css was preloaded using link preload but not used within a few seconds from the window's load event. Please make sure it has an appropriate `as` value and it is preloaded intentionally. @ http://localhost:3000/:0
[ 1631967ms] [WARNING] The resource http://localhost:3000/_next/static/chunks/%5Broot-of-the-server%5D__0n99re6._.css was preloaded using link preload but not used within a few seconds from the window's load event. Please make sure it has an appropriate `as` value and it is preloaded intentionally. @ http://localhost:3000/:0
[ 1635892ms] [WARNING] The resource http://localhost:3000/_next/static/chunks/%5Broot-of-the-server%5D__0n99re6._.css was preloaded using link preload but not used within a few seconds from the window's load event. Please make sure it has an appropriate `as` value and it is preloaded intentionally. @ http://localhost:3000/:0
[ 1639892ms] [WARNING] The resource http://localhost:3000/_next/static/chunks/%5Broot-of-the-server%5D__0n99re6._.css was preloaded using link preload but not used within a few seconds from the window's load event. Please make sure it has an appropriate `as` value and it is preloaded intentionally. @ http://localhost:3000/:0
[ 1644121ms] [WARNING] The resource http://localhost:3000/_next/static/chunks/%5Broot-of-the-server%5D__0n99re6._.css was preloaded using link preload but not used within a few seconds from the window's load event. Please make sure it has an appropriate `as` value and it is preloaded intentionally. @ http://localhost:3000/:0
[ 1647939ms] [WARNING] The resource http://localhost:3000/_next/static/chunks/%5Broot-of-the-server%5D__0n99re6._.css was preloaded using link preload but not used within a few seconds from the window's load event. Please make sure it has an appropriate `as` value and it is preloaded intentionally. @ http://localhost:3000/:0
[ 1651948ms] [WARNING] The resource http://localhost:3000/_next/static/chunks/%5Broot-of-the-server%5D__0n99re6._.css was preloaded using link preload but not used within a few seconds from the window's load event. Please make sure it has an appropriate `as` value and it is preloaded intentionally. @ http://localhost:3000/:0
[ 1655919ms] [WARNING] The resource http://localhost:3000/_next/static/chunks/%5Broot-of-the-server%5D__0n99re6._.css was preloaded using link preload but not used within a few seconds from the window's load event. Please make sure it has an appropriate `as` value and it is preloaded intentionally. @ http://localhost:3000/:0
[ 1659911ms] [WARNING] The resource http://localhost:3000/_next/static/chunks/%5Broot-of-the-server%5D__0n99re6._.css was preloaded using link preload but not used within a few seconds from the window's load event. Please make sure it has an appropriate `as` value and it is preloaded intentionally. @ http://localhost:3000/:0
[ 1663903ms] [WARNING] The resource http://localhost:3000/_next/static/chunks/%5Broot-of-the-server%5D__0n99re6._.css was preloaded using link preload but not used within a few seconds from the window's load event. Please make sure it has an appropriate `as` value and it is preloaded intentionally. @ http://localhost:3000/:0
[ 1667904ms] [WARNING] The resource http://localhost:3000/_next/static/chunks/%5Broot-of-the-server%5D__0n99re6._.css was preloaded using link preload but not used within a few seconds from the window's load event. Please make sure it has an appropriate `as` value and it is preloaded intentionally. @ http://localhost:3000/:0
[ 1671943ms] [WARNING] The resource http://localhost:3000/_next/static/chunks/%5Broot-of-the-server%5D__0n99re6._.css was preloaded using link preload but not used within a few seconds from the window's load event. Please make sure it has an appropriate `as` value and it is preloaded intentionally. @ http://localhost:3000/:0
[ 1675913ms] [WARNING] The resource http://localhost:3000/_next/static/chunks/%5Broot-of-the-server%5D__0n99re6._.css was preloaded using link preload but not used within a few seconds from the window's load event. Please make sure it has an appropriate `as` value and it is preloaded intentionally. @ http://localhost:3000/:0
[ 1680019ms] [WARNING] The resource http://localhost:3000/_next/static/chunks/%5Broot-of-the-server%5D__0n99re6._.css was preloaded using link preload but not used within a few seconds from the window's load event. Please make sure it has an appropriate `as` value and it is preloaded intentionally. @ http://localhost:3000/:0
[ 1683915ms] [WARNING] The resource http://localhost:3000/_next/static/chunks/%5Broot-of-the-server%5D__0n99re6._.css was preloaded using link preload but not used within a few seconds from the window's load event. Please make sure it has an appropriate `as` value and it is preloaded intentionally. @ http://localhost:3000/:0
[ 1687929ms] [WARNING] The resource http://localhost:3000/_next/static/chunks/%5Broot-of-the-server%5D__0n99re6._.css was preloaded using link preload but not used within a few seconds from the window's load event. Please make sure it has an appropriate `as` value and it is preloaded intentionally. @ http://localhost:3000/:0
[ 1691954ms] [WARNING] The resource http://localhost:3000/_next/static/chunks/%5Broot-of-the-server%5D__0n99re6._.css was preloaded using link preload but not used within a few seconds from the window's load event. Please make sure it has an appropriate `as` value and it is preloaded intentionally. @ http://localhost:3000/:0
[ 1695895ms] [WARNING] The resource http://localhost:3000/_next/static/chunks/%5Broot-of-the-server%5D__0n99re6._.css was preloaded using link preload but not used within a few seconds from the window's load event. Please make sure it has an appropriate `as` value and it is preloaded intentionally. @ http://localhost:3000/:0
[ 1699919ms] [WARNING] The resource http://localhost:3000/_next/static/chunks/%5Broot-of-the-server%5D__0n99re6._.css was preloaded using link preload but not used within a few seconds from the window's load event. Please make sure it has an appropriate `as` value and it is preloaded intentionally. @ http://localhost:3000/:0
[ 1703873ms] [WARNING] The resource http://localhost:3000/_next/static/chunks/%5Broot-of-the-server%5D__0n99re6._.css was preloaded using link preload but not used within a few seconds from the window's load event. Please make sure it has an appropriate `as` value and it is preloaded intentionally. @ http://localhost:3000/:0
[ 1707942ms] [WARNING] The resource http://localhost:3000/_next/static/chunks/%5Broot-of-the-server%5D__0n99re6._.css was preloaded using link preload but not used within a few seconds from the window's load event. Please make sure it has an appropriate `as` value and it is preloaded intentionally. @ http://localhost:3000/:0
[ 1712052ms] [WARNING] The resource http://localhost:3000/_next/static/chunks/%5Broot-of-the-server%5D__0n99re6._.css was preloaded using link preload but not used within a few seconds from the window's load event. Please make sure it has an appropriate `as` value and it is preloaded intentionally. @ http://localhost:3000/:0
[ 1715905ms] [WARNING] The resource http://localhost:3000/_next/static/chunks/%5Broot-of-the-server%5D__0n99re6._.css was preloaded using link preload but not used within a few seconds from the window's load event. Please make sure it has an appropriate `as` value and it is preloaded intentionally. @ http://localhost:3000/:0
[ 1719881ms] [WARNING] The resource http://localhost:3000/_next/static/chunks/%5Broot-of-the-server%5D__0n99re6._.css was preloaded using link preload but not used within a few seconds from the window's load event. Please make sure it has an appropriate `as` value and it is preloaded intentionally. @ http://localhost:3000/:0
[ 1723903ms] [WARNING] The resource http://localhost:3000/_next/static/chunks/%5Broot-of-the-server%5D__0n99re6._.css was preloaded using link preload but not used within a few seconds from the window's load event. Please make sure it has an appropriate `as` value and it is preloaded intentionally. @ http://localhost:3000/:0
[ 1727981ms] [WARNING] The resource http://localhost:3000/_next/static/chunks/%5Broot-of-the-server%5D__0n99re6._.css was preloaded using link preload but not used within a few seconds from the window's load event. Please make sure it has an appropriate `as` value and it is preloaded intentionally. @ http://localhost:3000/:0
[ 1731930ms] [WARNING] The resource http://localhost:3000/_next/static/chunks/%5Broot-of-the-server%5D__0n99re6._.css was preloaded using link preload but not used within a few seconds from the window's load event. Please make sure it has an appropriate `as` value and it is preloaded intentionally. @ http://localhost:3000/:0
[ 1735925ms] [WARNING] The resource http://localhost:3000/_next/static/chunks/%5Broot-of-the-server%5D__0n99re6._.css was preloaded using link preload but not used within a few seconds from the window's load event. Please make sure it has an appropriate `as` value and it is preloaded intentionally. @ http://localhost:3000/:0
[ 1739925ms] [WARNING] The resource http://localhost:3000/_next/static/chunks/%5Broot-of-the-server%5D__0n99re6._.css was preloaded using link preload but not used within a few seconds from the window's load event. Please make sure it has an appropriate `as` value and it is preloaded intentionally. @ http://localhost:3000/:0
[ 1744006ms] [WARNING] The resource http://localhost:3000/_next/static/chunks/%5Broot-of-the-server%5D__0n99re6._.css was preloaded using link preload but not used within a few seconds from the window's load event. Please make sure it has an appropriate `as` value and it is preloaded intentionally. @ http://localhost:3000/:0
[ 1747927ms] [WARNING] The resource http://localhost:3000/_next/static/chunks/%5Broot-of-the-server%5D__0n99re6._.css was preloaded using link preload but not used within a few seconds from the window's load event. Please make sure it has an appropriate `as` value and it is preloaded intentionally. @ http://localhost:3000/:0
[ 1751927ms] [WARNING] The resource http://localhost:3000/_next/static/chunks/%5Broot-of-the-server%5D__0n99re6._.css was preloaded using link preload but not used within a few seconds from the window's load event. Please make sure it has an appropriate `as` value and it is preloaded intentionally. @ http://localhost:3000/:0
[ 1755916ms] [WARNING] The resource http://localhost:3000/_next/static/chunks/%5Broot-of-the-server%5D__0n99re6._.css was preloaded using link preload but not used within a few seconds from the window's load event. Please make sure it has an appropriate `as` value and it is preloaded intentionally. @ http://localhost:3000/:0
[ 1759886ms] [WARNING] The resource http://localhost:3000/_next/static/chunks/%5Broot-of-the-server%5D__0n99re6._.css was preloaded using link preload but not used within a few seconds from the window's load event. Please make sure it has an appropriate `as` value and it is preloaded intentionally. @ http://localhost:3000/:0
[ 1763896ms] [WARNING] The resource http://localhost:3000/_next/static/chunks/%5Broot-of-the-server%5D__0n99re6._.css was preloaded using link preload but not used within a few seconds from the window's load event. Please make sure it has an appropriate `as` value and it is preloaded intentionally. @ http://localhost:3000/:0
[ 1767931ms] [WARNING] The resource http://localhost:3000/_next/static/chunks/%5Broot-of-the-server%5D__0n99re6._.css was preloaded using link preload but not used within a few seconds from the window's load event. Please make sure it has an appropriate `as` value and it is preloaded intentionally. @ http://localhost:3000/:0
[ 1771995ms] [WARNING] The resource http://localhost:3000/_next/static/chunks/%5Broot-of-the-server%5D__0n99re6._.css was preloaded using link preload but not used within a few seconds from the window's load event. Please make sure it has an appropriate `as` value and it is preloaded intentionally. @ http://localhost:3000/:0
[ 1775880ms] [WARNING] The resource http://localhost:3000/_next/static/chunks/%5Broot-of-the-server%5D__0n99re6._.css was preloaded using link preload but not used within a few seconds from the window's load event. Please make sure it has an appropriate `as` value and it is preloaded intentionally. @ http://localhost:3000/:0
[ 1779884ms] [WARNING] The resource http://localhost:3000/_next/static/chunks/%5Broot-of-the-server%5D__0n99re6._.css was preloaded using link preload but not used within a few seconds from the window's load event. Please make sure it has an appropriate `as` value and it is preloaded intentionally. @ http://localhost:3000/:0
[ 1783935ms] [WARNING] The resource http://localhost:3000/_next/static/chunks/%5Broot-of-the-server%5D__0n99re6._.css was preloaded using link preload but not used within a few seconds from the window's load event. Please make sure it has an appropriate `as` value and it is preloaded intentionally. @ http://localhost:3000/:0
[ 1787938ms] [WARNING] The resource http://localhost:3000/_next/static/chunks/%5Broot-of-the-server%5D__0n99re6._.css was preloaded using link preload but not used within a few seconds from the window's load event. Please make sure it has an appropriate `as` value and it is preloaded intentionally. @ http://localhost:3000/:0
[ 1791951ms] [WARNING] The resource http://localhost:3000/_next/static/chunks/%5Broot-of-the-server%5D__0n99re6._.css was preloaded using link preload but not used within a few seconds from the window's load event. Please make sure it has an appropriate `as` value and it is preloaded intentionally. @ http://localhost:3000/:0
[ 1795890ms] [WARNING] The resource http://localhost:3000/_next/static/chunks/%5Broot-of-the-server%5D__0n99re6._.css was preloaded using link preload but not used within a few seconds from the window's load event. Please make sure it has an appropriate `as` value and it is preloaded intentionally. @ http://localhost:3000/:0
[ 1799928ms] [WARNING] The resource http://localhost:3000/_next/static/chunks/%5Broot-of-the-server%5D__0n99re6._.css was preloaded using link preload but not used within a few seconds from the window's load event. Please make sure it has an appropriate `as` value and it is preloaded intentionally. @ http://localhost:3000/:0
[ 1803924ms] [WARNING] The resource http://localhost:3000/_next/static/chunks/%5Broot-of-the-server%5D__0n99re6._.css was preloaded using link preload but not used within a few seconds from the window's load event. Please make sure it has an appropriate `as` value and it is preloaded intentionally. @ http://localhost:3000/:0
[ 1807962ms] [WARNING] The resource http://localhost:3000/_next/static/chunks/%5Broot-of-the-server%5D__0n99re6._.css was preloaded using link preload but not used within a few seconds from the window's load event. Please make sure it has an appropriate `as` value and it is preloaded intentionally. @ http://localhost:3000/:0
[ 1811918ms] [WARNING] The resource http://localhost:3000/_next/static/chunks/%5Broot-of-the-server%5D__0n99re6._.css was preloaded using link preload but not used within a few seconds from the window's load event. Please make sure it has an appropriate `as` value and it is preloaded intentionally. @ http://localhost:3000/:0
[ 1815872ms] [WARNING] The resource http://localhost:3000/_next/static/chunks/%5Broot-of-the-server%5D__0n99re6._.css was preloaded using link preload but not used within a few seconds from the window's load event. Please make sure it has an appropriate `as` value and it is preloaded intentionally. @ http://localhost:3000/:0
[ 1820094ms] [WARNING] The resource http://localhost:3000/_next/static/chunks/%5Broot-of-the-server%5D__0n99re6._.css was preloaded using link preload but not used within a few seconds from the window's load event. Please make sure it has an appropriate `as` value and it is preloaded intentionally. @ http://localhost:3000/:0
[ 1824013ms] [WARNING] The resource http://localhost:3000/_next/static/chunks/%5Broot-of-the-server%5D__0n99re6._.css was preloaded using link preload but not used within a few seconds from the window's load event. Please make sure it has an appropriate `as` value and it is preloaded intentionally. @ http://localhost:3000/:0
[ 1827930ms] [WARNING] The resource http://localhost:3000/_next/static/chunks/%5Broot-of-the-server%5D__0n99re6._.css was preloaded using link preload but not used within a few seconds from the window's load event. Please make sure it has an appropriate `as` value and it is preloaded intentionally. @ http://localhost:3000/:0
[ 1831963ms] [WARNING] The resource http://localhost:3000/_next/static/chunks/%5Broot-of-the-server%5D__0n99re6._.css was preloaded using link preload but not used within a few seconds from the window's load event. Please make sure it has an appropriate `as` value and it is preloaded intentionally. @ http://localhost:3000/:0
[ 1835902ms] [WARNING] The resource http://localhost:3000/_next/static/chunks/%5Broot-of-the-server%5D__0n99re6._.css was preloaded using link preload but not used within a few seconds from the window's load event. Please make sure it has an appropriate `as` value and it is preloaded intentionally. @ http://localhost:3000/:0
[ 1839913ms] [WARNING] The resource http://localhost:3000/_next/static/chunks/%5Broot-of-the-server%5D__0n99re6._.css was preloaded using link preload but not used within a few seconds from the window's load event. Please make sure it has an appropriate `as` value and it is preloaded intentionally. @ http://localhost:3000/:0
[ 1843893ms] [WARNING] The resource http://localhost:3000/_next/static/chunks/%5Broot-of-the-server%5D__0n99re6._.css was preloaded using link preload but not used within a few seconds from the window's load event. Please make sure it has an appropriate `as` value and it is preloaded intentionally. @ http://localhost:3000/:0
[ 1847897ms] [WARNING] The resource http://localhost:3000/_next/static/chunks/%5Broot-of-the-server%5D__0n99re6._.css was preloaded using link preload but not used within a few seconds from the window's load event. Please make sure it has an appropriate `as` value and it is preloaded intentionally. @ http://localhost:3000/:0
[ 1852327ms] [WARNING] The resource http://localhost:3000/_next/static/chunks/%5Broot-of-the-server%5D__0n99re6._.css was preloaded using link preload but not used within a few seconds from the window's load event. Please make sure it has an appropriate `as` value and it is preloaded intentionally. @ http://localhost:3000/:0
[ 1855981ms] [WARNING] The resource http://localhost:3000/_next/static/chunks/%5Broot-of-the-server%5D__0n99re6._.css was preloaded using link preload but not used within a few seconds from the window's load event. Please make sure it has an appropriate `as` value and it is preloaded intentionally. @ http://localhost:3000/:0
[ 1859904ms] [WARNING] The resource http://localhost:3000/_next/static/chunks/%5Broot-of-the-server%5D__0n99re6._.css was preloaded using link preload but not used within a few seconds from the window's load event. Please make sure it has an appropriate `as` value and it is preloaded intentionally. @ http://localhost:3000/:0
[ 1863879ms] [WARNING] The resource http://localhost:3000/_next/static/chunks/%5Broot-of-the-server%5D__0n99re6._.css was preloaded using link preload but not used within a few seconds from the window's load event. Please make sure it has an appropriate `as` value and it is preloaded intentionally. @ http://localhost:3000/:0
[ 1867962ms] [WARNING] The resource http://localhost:3000/_next/static/chunks/%5Broot-of-the-server%5D__0n99re6._.css was preloaded using link preload but not used within a few seconds from the window's load event. Please make sure it has an appropriate `as` value and it is preloaded intentionally. @ http://localhost:3000/:0
[ 1871938ms] [WARNING] The resource http://localhost:3000/_next/static/chunks/%5Broot-of-the-server%5D__0n99re6._.css was preloaded using link preload but not used within a few seconds from the window's load event. Please make sure it has an appropriate `as` value and it is preloaded intentionally. @ http://localhost:3000/:0
[ 1875896ms] [WARNING] The resource http://localhost:3000/_next/static/chunks/%5Broot-of-the-server%5D__0n99re6._.css was preloaded using link preload but not used within a few seconds from the window's load event. Please make sure it has an appropriate `as` value and it is preloaded intentionally. @ http://localhost:3000/:0
[ 1879884ms] [WARNING] The resource http://localhost:3000/_next/static/chunks/%5Broot-of-the-server%5D__0n99re6._.css was preloaded using link preload but not used within a few seconds from the window's load event. Please make sure it has an appropriate `as` value and it is preloaded intentionally. @ http://localhost:3000/:0
[ 1884086ms] [WARNING] The resource http://localhost:3000/_next/static/chunks/%5Broot-of-the-server%5D__0n99re6._.css was preloaded using link preload but not used within a few seconds from the window's load event. Please make sure it has an appropriate `as` value and it is preloaded intentionally. @ http://localhost:3000/:0
[ 1888018ms] [WARNING] The resource http://localhost:3000/_next/static/chunks/%5Broot-of-the-server%5D__0n99re6._.css was preloaded using link preload but not used within a few seconds from the window's load event. Please make sure it has an appropriate `as` value and it is preloaded intentionally. @ http://localhost:3000/:0
[ 1891925ms] [WARNING] The resource http://localhost:3000/_next/static/chunks/%5Broot-of-the-server%5D__0n99re6._.css was preloaded using link preload but not used within a few seconds from the window's load event. Please make sure it has an appropriate `as` value and it is preloaded intentionally. @ http://localhost:3000/:0
[ 1895877ms] [WARNING] The resource http://localhost:3000/_next/static/chunks/%5Broot-of-the-server%5D__0n99re6._.css was preloaded using link preload but not used within a few seconds from the window's load event. Please make sure it has an appropriate `as` value and it is preloaded intentionally. @ http://localhost:3000/:0
[ 1899928ms] [WARNING] The resource http://localhost:3000/_next/static/chunks/%5Broot-of-the-server%5D__0n99re6._.css was preloaded using link preload but not used within a few seconds from the window's load event. Please make sure it has an appropriate `as` value and it is preloaded intentionally. @ http://localhost:3000/:0
[ 1903924ms] [WARNING] The resource http://localhost:3000/_next/static/chunks/%5Broot-of-the-server%5D__0n99re6._.css was preloaded using link preload but not used within a few seconds from the window's load event. Please make sure it has an appropriate `as` value and it is preloaded intentionally. @ http://localhost:3000/:0
[ 1907971ms] [WARNING] The resource http://localhost:3000/_next/static/chunks/%5Broot-of-the-server%5D__0n99re6._.css was preloaded using link preload but not used within a few seconds from the window's load event. Please make sure it has an appropriate `as` value and it is preloaded intentionally. @ http://localhost:3000/:0
[ 1911916ms] [WARNING] The resource http://localhost:3000/_next/static/chunks/%5Broot-of-the-server%5D__0n99re6._.css was preloaded using link preload but not used within a few seconds from the window's load event. Please make sure it has an appropriate `as` value and it is preloaded intentionally. @ http://localhost:3000/:0
[ 1915918ms] [WARNING] The resource http://localhost:3000/_next/static/chunks/%5Broot-of-the-server%5D__0n99re6._.css was preloaded using link preload but not used within a few seconds from the window's load event. Please make sure it has an appropriate `as` value and it is preloaded intentionally. @ http://localhost:3000/:0
[ 1919994ms] [WARNING] The resource http://localhost:3000/_next/static/chunks/%5Broot-of-the-server%5D__0n99re6._.css was preloaded using link preload but not used within a few seconds from the window's load event. Please make sure it has an appropriate `as` value and it is preloaded intentionally. @ http://localhost:3000/:0
[ 1923912ms] [WARNING] The resource http://localhost:3000/_next/static/chunks/%5Broot-of-the-server%5D__0n99re6._.css was preloaded using link preload but not used within a few seconds from the window's load event. Please make sure it has an appropriate `as` value and it is preloaded intentionally. @ http://localhost:3000/:0
[ 1927926ms] [WARNING] The resource http://localhost:3000/_next/static/chunks/%5Broot-of-the-server%5D__0n99re6._.css was preloaded using link preload but not used within a few seconds from the window's load event. Please make sure it has an appropriate `as` value and it is preloaded intentionally. @ http://localhost:3000/:0
[ 1931930ms] [WARNING] The resource http://localhost:3000/_next/static/chunks/%5Broot-of-the-server%5D__0n99re6._.css was preloaded using link preload but not used within a few seconds from the window's load event. Please make sure it has an appropriate `as` value and it is preloaded intentionally. @ http://localhost:3000/:0
[ 1935901ms] [WARNING] The resource http://localhost:3000/_next/static/chunks/%5Broot-of-the-server%5D__0n99re6._.css was preloaded using link preload but not used within a few seconds from the window's load event. Please make sure it has an appropriate `as` value and it is preloaded intentionally. @ http://localhost:3000/:0
[ 1939890ms] [WARNING] The resource http://localhost:3000/_next/static/chunks/%5Broot-of-the-server%5D__0n99re6._.css was preloaded using link preload but not used within a few seconds from the window's load event. Please make sure it has an appropriate `as` value and it is preloaded intentionally. @ http://localhost:3000/:0
[ 1943896ms] [WARNING] The resource http://localhost:3000/_next/static/chunks/%5Broot-of-the-server%5D__0n99re6._.css was preloaded using link preload but not used within a few seconds from the window's load event. Please make sure it has an appropriate `as` value and it is preloaded intentionally. @ http://localhost:3000/:0
[ 1947952ms] [WARNING] The resource http://localhost:3000/_next/static/chunks/%5Broot-of-the-server%5D__0n99re6._.css was preloaded using link preload but not used within a few seconds from the window's load event. Please make sure it has an appropriate `as` value and it is preloaded intentionally. @ http://localhost:3000/:0
[ 1951906ms] [WARNING] The resource http://localhost:3000/_next/static/chunks/%5Broot-of-the-server%5D__0n99re6._.css was preloaded using link preload but not used within a few seconds from the window's load event. Please make sure it has an appropriate `as` value and it is preloaded intentionally. @ http://localhost:3000/:0
[ 1955881ms] [WARNING] The resource http://localhost:3000/_next/static/chunks/%5Broot-of-the-server%5D__0n99re6._.css was preloaded using link preload but not used within a few seconds from the window's load event. Please make sure it has an appropriate `as` value and it is preloaded intentionally. @ http://localhost:3000/:0
[ 1959888ms] [WARNING] The resource http://localhost:3000/_next/static/chunks/%5Broot-of-the-server%5D__0n99re6._.css was preloaded using link preload but not used within a few seconds from the window's load event. Please make sure it has an appropriate `as` value and it is preloaded intentionally. @ http://localhost:3000/:0
[ 1963943ms] [WARNING] The resource http://localhost:3000/_next/static/chunks/%5Broot-of-the-server%5D__0n99re6._.css was preloaded using link preload but not used within a few seconds from the window's load event. Please make sure it has an appropriate `as` value and it is preloaded intentionally. @ http://localhost:3000/:0
[ 1967949ms] [WARNING] The resource http://localhost:3000/_next/static/chunks/%5Broot-of-the-server%5D__0n99re6._.css was preloaded using link preload but not used within a few seconds from the window's load event. Please make sure it has an appropriate `as` value and it is preloaded intentionally. @ http://localhost:3000/:0
[ 1971869ms] [WARNING] The resource http://localhost:3000/_next/static/chunks/%5Broot-of-the-server%5D__0n99re6._.css was preloaded using link preload but not used within a few seconds from the window's load event. Please make sure it has an appropriate `as` value and it is preloaded intentionally. @ http://localhost:3000/:0
[ 1975943ms] [WARNING] The resource http://localhost:3000/_next/static/chunks/%5Broot-of-the-server%5D__0n99re6._.css was preloaded using link preload but not used within a few seconds from the window's load event. Please make sure it has an appropriate `as` value and it is preloaded intentionally. @ http://localhost:3000/:0
[ 1979912ms] [WARNING] The resource http://localhost:3000/_next/static/chunks/%5Broot-of-the-server%5D__0n99re6._.css was preloaded using link preload but not used within a few seconds from the window's load event. Please make sure it has an appropriate `as` value and it is preloaded intentionally. @ http://localhost:3000/:0
[ 1983887ms] [WARNING] The resource http://localhost:3000/_next/static/chunks/%5Broot-of-the-server%5D__0n99re6._.css was preloaded using link preload but not used within a few seconds from the window's load event. Please make sure it has an appropriate `as` value and it is preloaded intentionally. @ http://localhost:3000/:0
[ 1987927ms] [WARNING] The resource http://localhost:3000/_next/static/chunks/%5Broot-of-the-server%5D__0n99re6._.css was preloaded using link preload but not used within a few seconds from the window's load event. Please make sure it has an appropriate `as` value and it is preloaded intentionally. @ http://localhost:3000/:0
[ 1991919ms] [WARNING] The resource http://localhost:3000/_next/static/chunks/%5Broot-of-the-server%5D__0n99re6._.css was preloaded using link preload but not used within a few seconds from the window's load event. Please make sure it has an appropriate `as` value and it is preloaded intentionally. @ http://localhost:3000/:0
[ 1996079ms] [WARNING] The resource http://localhost:3000/_next/static/chunks/%5Broot-of-the-server%5D__0n99re6._.css was preloaded using link preload but not used within a few seconds from the window's load event. Please make sure it has an appropriate `as` value and it is preloaded intentionally. @ http://localhost:3000/:0
[ 1999897ms] [WARNING] The resource http://localhost:3000/_next/static/chunks/%5Broot-of-the-server%5D__0n99re6._.css was preloaded using link preload but not used within a few seconds from the window's load event. Please make sure it has an appropriate `as` value and it is preloaded intentionally. @ http://localhost:3000/:0
[ 2003887ms] [WARNING] The resource http://localhost:3000/_next/static/chunks/%5Broot-of-the-server%5D__0n99re6._.css was preloaded using link preload but not used within a few seconds from the window's load event. Please make sure it has an appropriate `as` value and it is preloaded intentionally. @ http://localhost:3000/:0
[ 2007915ms] [WARNING] The resource http://localhost:3000/_next/static/chunks/%5Broot-of-the-server%5D__0n99re6._.css was preloaded using link preload but not used within a few seconds from the window's load event. Please make sure it has an appropriate `as` value and it is preloaded intentionally. @ http://localhost:3000/:0
[ 2011947ms] [WARNING] The resource http://localhost:3000/_next/static/chunks/%5Broot-of-the-server%5D__0n99re6._.css was preloaded using link preload but not used within a few seconds from the window's load event. Please make sure it has an appropriate `as` value and it is preloaded intentionally. @ http://localhost:3000/:0
[ 2015886ms] [WARNING] The resource http://localhost:3000/_next/static/chunks/%5Broot-of-the-server%5D__0n99re6._.css was preloaded using link preload but not used within a few seconds from the window's load event. Please make sure it has an appropriate `as` value and it is preloaded intentionally. @ http://localhost:3000/:0
[ 2019909ms] [WARNING] The resource http://localhost:3000/_next/static/chunks/%5Broot-of-the-server%5D__0n99re6._.css was preloaded using link preload but not used within a few seconds from the window's load event. Please make sure it has an appropriate `as` value and it is preloaded intentionally. @ http://localhost:3000/:0
[ 2023902ms] [WARNING] The resource http://localhost:3000/_next/static/chunks/%5Broot-of-the-server%5D__0n99re6._.css was preloaded using link preload but not used within a few seconds from the window's load event. Please make sure it has an appropriate `as` value and it is preloaded intentionally. @ http://localhost:3000/:0
[ 2028199ms] [WARNING] The resource http://localhost:3000/_next/static/chunks/%5Broot-of-the-server%5D__0n99re6._.css was preloaded using link preload but not used within a few seconds from the window's load event. Please make sure it has an appropriate `as` value and it is preloaded intentionally. @ http://localhost:3000/:0
[ 2032026ms] [WARNING] The resource http://localhost:3000/_next/static/chunks/%5Broot-of-the-server%5D__0n99re6._.css was preloaded using link preload but not used within a few seconds from the window's load event. Please make sure it has an appropriate `as` value and it is preloaded intentionally. @ http://localhost:3000/:0
[ 2035919ms] [WARNING] The resource http://localhost:3000/_next/static/chunks/%5Broot-of-the-server%5D__0n99re6._.css was preloaded using link preload but not used within a few seconds from the window's load event. Please make sure it has an appropriate `as` value and it is preloaded intentionally. @ http://localhost:3000/:0
[ 2039889ms] [WARNING] The resource http://localhost:3000/_next/static/chunks/%5Broot-of-the-server%5D__0n99re6._.css was preloaded using link preload but not used within a few seconds from the window's load event. Please make sure it has an appropriate `as` value and it is preloaded intentionally. @ http://localhost:3000/:0
[ 2043940ms] [WARNING] The resource http://localhost:3000/_next/static/chunks/%5Broot-of-the-server%5D__0n99re6._.css was preloaded using link preload but not used within a few seconds from the window's load event. Please make sure it has an appropriate `as` value and it is preloaded intentionally. @ http://localhost:3000/:0
[ 2047971ms] [WARNING] The resource http://localhost:3000/_next/static/chunks/%5Broot-of-the-server%5D__0n99re6._.css was preloaded using link preload but not used within a few seconds from the window's load event. Please make sure it has an appropriate `as` value and it is preloaded intentionally. @ http://localhost:3000/:0
[ 2051930ms] [WARNING] The resource http://localhost:3000/_next/static/chunks/%5Broot-of-the-server%5D__0n99re6._.css was preloaded using link preload but not used within a few seconds from the window's load event. Please make sure it has an appropriate `as` value and it is preloaded intentionally. @ http://localhost:3000/:0
[ 2055949ms] [WARNING] The resource http://localhost:3000/_next/static/chunks/%5Broot-of-the-server%5D__0n99re6._.css was preloaded using link preload but not used within a few seconds from the window's load event. Please make sure it has an appropriate `as` value and it is preloaded intentionally. @ http://localhost:3000/:0
[ 2060190ms] [WARNING] The resource http://localhost:3000/_next/static/chunks/%5Broot-of-the-server%5D__0n99re6._.css was preloaded using link preload but not used within a few seconds from the window's load event. Please make sure it has an appropriate `as` value and it is preloaded intentionally. @ http://localhost:3000/:0
[ 2064036ms] [WARNING] The resource http://localhost:3000/_next/static/chunks/%5Broot-of-the-server%5D__0n99re6._.css was preloaded using link preload but not used within a few seconds from the window's load event. Please make sure it has an appropriate `as` value and it is preloaded intentionally. @ http://localhost:3000/:0
[ 2067970ms] [WARNING] The resource http://localhost:3000/_next/static/chunks/%5Broot-of-the-server%5D__0n99re6._.css was preloaded using link preload but not used within a few seconds from the window's load event. Please make sure it has an appropriate `as` value and it is preloaded intentionally. @ http://localhost:3000/:0
[ 2071904ms] [WARNING] The resource http://localhost:3000/_next/static/chunks/%5Broot-of-the-server%5D__0n99re6._.css was preloaded using link preload but not used within a few seconds from the window's load event. Please make sure it has an appropriate `as` value and it is preloaded intentionally. @ http://localhost:3000/:0
[ 2075945ms] [WARNING] The resource http://localhost:3000/_next/static/chunks/%5Broot-of-the-server%5D__0n99re6._.css was preloaded using link preload but not used within a few seconds from the window's load event. Please make sure it has an appropriate `as` value and it is preloaded intentionally. @ http://localhost:3000/:0
[ 2080047ms] [WARNING] The resource http://localhost:3000/_next/static/chunks/%5Broot-of-the-server%5D__0n99re6._.css was preloaded using link preload but not used within a few seconds from the window's load event. Please make sure it has an appropriate `as` value and it is preloaded intentionally. @ http://localhost:3000/:0
[ 2083910ms] [WARNING] The resource http://localhost:3000/_next/static/chunks/%5Broot-of-the-server%5D__0n99re6._.css was preloaded using link preload but not used within a few seconds from the window's load event. Please make sure it has an appropriate `as` value and it is preloaded intentionally. @ http://localhost:3000/:0
[ 2087963ms] [WARNING] The resource http://localhost:3000/_next/static/chunks/%5Broot-of-the-server%5D__0n99re6._.css was preloaded using link preload but not used within a few seconds from the window's load event. Please make sure it has an appropriate `as` value and it is preloaded intentionally. @ http://localhost:3000/:0
[ 2091961ms] [WARNING] The resource http://localhost:3000/_next/static/chunks/%5Broot-of-the-server%5D__0n99re6._.css was preloaded using link preload but not used within a few seconds from the window's load event. Please make sure it has an appropriate `as` value and it is preloaded intentionally. @ http://localhost:3000/:0
[ 2095905ms] [WARNING] The resource http://localhost:3000/_next/static/chunks/%5Broot-of-the-server%5D__0n99re6._.css was preloaded using link preload but not used within a few seconds from the window's load event. Please make sure it has an appropriate `as` value and it is preloaded intentionally. @ http://localhost:3000/:0
[ 2099878ms] [WARNING] The resource http://localhost:3000/_next/static/chunks/%5Broot-of-the-server%5D__0n99re6._.css was preloaded using link preload but not used within a few seconds from the window's load event. Please make sure it has an appropriate `as` value and it is preloaded intentionally. @ http://localhost:3000/:0
[ 2103940ms] [WARNING] The resource http://localhost:3000/_next/static/chunks/%5Broot-of-the-server%5D__0n99re6._.css was preloaded using link preload but not used within a few seconds from the window's load event. Please make sure it has an appropriate `as` value and it is preloaded intentionally. @ http://localhost:3000/:0
[ 2108348ms] [WARNING] The resource http://localhost:3000/_next/static/chunks/%5Broot-of-the-server%5D__0n99re6._.css was preloaded using link preload but not used within a few seconds from the window's load event. Please make sure it has an appropriate `as` value and it is preloaded intentionally. @ http://localhost:3000/:0
[ 2112029ms] [WARNING] The resource http://localhost:3000/_next/static/chunks/%5Broot-of-the-server%5D__0n99re6._.css was preloaded using link preload but not used within a few seconds from the window's load event. Please make sure it has an appropriate `as` value and it is preloaded intentionally. @ http://localhost:3000/:0
[ 2115892ms] [WARNING] The resource http://localhost:3000/_next/static/chunks/%5Broot-of-the-server%5D__0n99re6._.css was preloaded using link preload but not used within a few seconds from the window's load event. Please make sure it has an appropriate `as` value and it is preloaded intentionally. @ http://localhost:3000/:0
[ 2119920ms] [WARNING] The resource http://localhost:3000/_next/static/chunks/%5Broot-of-the-server%5D__0n99re6._.css was preloaded using link preload but not used within a few seconds from the window's load event. Please make sure it has an appropriate `as` value and it is preloaded intentionally. @ http://localhost:3000/:0
[ 2123915ms] [WARNING] The resource http://localhost:3000/_next/static/chunks/%5Broot-of-the-server%5D__0n99re6._.css was preloaded using link preload but not used within a few seconds from the window's load event. Please make sure it has an appropriate `as` value and it is preloaded intentionally. @ http://localhost:3000/:0
[ 2124535ms] [LOG] [Fast Refresh] rebuilding @ http://localhost:3000/_next/static/chunks/node_modules_next_dist_115brz8._.js:2477
[ 2124572ms] [LOG] [Fast Refresh] done in 148ms @ http://localhost:3000/_next/static/chunks/node_modules_next_dist_115brz8._.js:2477
[ 2127998ms] [WARNING] The resource http://localhost:3000/_next/static/chunks/%5Broot-of-the-server%5D__0n99re6._.css was preloaded using link preload but not used within a few seconds from the window's load event. Please make sure it has an appropriate `as` value and it is preloaded intentionally. @ http://localhost:3000/:0
[ 2131904ms] [WARNING] The resource http://localhost:3000/_next/static/chunks/%5Broot-of-the-server%5D__0n99re6._.css was preloaded using link preload but not used within a few seconds from the window's load event. Please make sure it has an appropriate `as` value and it is preloaded intentionally. @ http://localhost:3000/:0
[ 2135917ms] [WARNING] The resource http://localhost:3000/_next/static/chunks/%5Broot-of-the-server%5D__0n99re6._.css was preloaded using link preload but not used within a few seconds from the window's load event. Please make sure it has an appropriate `as` value and it is preloaded intentionally. @ http://localhost:3000/:0
[ 2140340ms] [WARNING] The resource http://localhost:3000/_next/static/chunks/%5Broot-of-the-server%5D__0n99re6._.css was preloaded using link preload but not used within a few seconds from the window's load event. Please make sure it has an appropriate `as` value and it is preloaded intentionally. @ http://localhost:3000/:0
[ 2144070ms] [WARNING] The resource http://localhost:3000/_next/static/chunks/%5Broot-of-the-server%5D__0n99re6._.css was preloaded using link preload but not used within a few seconds from the window's load event. Please make sure it has an appropriate `as` value and it is preloaded intentionally. @ http://localhost:3000/:0
[ 2147909ms] [WARNING] The resource http://localhost:3000/_next/static/chunks/%5Broot-of-the-server%5D__0n99re6._.css was preloaded using link preload but not used within a few seconds from the window's load event. Please make sure it has an appropriate `as` value and it is preloaded intentionally. @ http://localhost:3000/:0
[ 2152024ms] [WARNING] The resource http://localhost:3000/_next/static/chunks/%5Broot-of-the-server%5D__0n99re6._.css was preloaded using link preload but not used within a few seconds from the window's load event. Please make sure it has an appropriate `as` value and it is preloaded intentionally. @ http://localhost:3000/:0
[ 2155937ms] [WARNING] The resource http://localhost:3000/_next/static/chunks/%5Broot-of-the-server%5D__0n99re6._.css was preloaded using link preload but not used within a few seconds from the window's load event. Please make sure it has an appropriate `as` value and it is preloaded intentionally. @ http://localhost:3000/:0
[ 2159975ms] [WARNING] The resource http://localhost:3000/_next/static/chunks/%5Broot-of-the-server%5D__0n99re6._.css was preloaded using link preload but not used within a few seconds from the window's load event. Please make sure it has an appropriate `as` value and it is preloaded intentionally. @ http://localhost:3000/:0
[ 2163906ms] [WARNING] The resource http://localhost:3000/_next/static/chunks/%5Broot-of-the-server%5D__0n99re6._.css was preloaded using link preload but not used within a few seconds from the window's load event. Please make sure it has an appropriate `as` value and it is preloaded intentionally. @ http://localhost:3000/:0
[ 2167926ms] [WARNING] The resource http://localhost:3000/_next/static/chunks/%5Broot-of-the-server%5D__0n99re6._.css was preloaded using link preload but not used within a few seconds from the window's load event. Please make sure it has an appropriate `as` value and it is preloaded intentionally. @ http://localhost:3000/:0
[ 2172010ms] [WARNING] The resource http://localhost:3000/_next/static/chunks/%5Broot-of-the-server%5D__0n99re6._.css was preloaded using link preload but not used within a few seconds from the window's load event. Please make sure it has an appropriate `as` value and it is preloaded intentionally. @ http://localhost:3000/:0
[ 2173761ms] [LOG] [Fast Refresh] rebuilding @ http://localhost:3000/_next/static/chunks/node_modules_next_dist_115brz8._.js:2477
[ 2173819ms] [LOG] [Fast Refresh] done in 188ms @ http://localhost:3000/_next/static/chunks/node_modules_next_dist_115brz8._.js:2477
[ 2175993ms] [WARNING] The resource http://localhost:3000/_next/static/chunks/%5Broot-of-the-server%5D__0n99re6._.css was preloaded using link preload but not used within a few seconds from the window's load event. Please make sure it has an appropriate `as` value and it is preloaded intentionally. @ http://localhost:3000/:0
[ 2179955ms] [WARNING] The resource http://localhost:3000/_next/static/chunks/%5Broot-of-the-server%5D__0n99re6._.css was preloaded using link preload but not used within a few seconds from the window's load event. Please make sure it has an appropriate `as` value and it is preloaded intentionally. @ http://localhost:3000/:0
[ 2183943ms] [WARNING] The resource http://localhost:3000/_next/static/chunks/%5Broot-of-the-server%5D__0n99re6._.css was preloaded using link preload but not used within a few seconds from the window's load event. Please make sure it has an appropriate `as` value and it is preloaded intentionally. @ http://localhost:3000/:0
[ 2188459ms] [WARNING] The resource http://localhost:3000/_next/static/chunks/%5Broot-of-the-server%5D__0n99re6._.css was preloaded using link preload but not used within a few seconds from the window's load event. Please make sure it has an appropriate `as` value and it is preloaded intentionally. @ http://localhost:3000/:0
[ 2192088ms] [WARNING] The resource http://localhost:3000/_next/static/chunks/%5Broot-of-the-server%5D__0n99re6._.css was preloaded using link preload but not used within a few seconds from the window's load event. Please make sure it has an appropriate `as` value and it is preloaded intentionally. @ http://localhost:3000/:0
[ 2195884ms] [WARNING] The resource http://localhost:3000/_next/static/chunks/%5Broot-of-the-server%5D__0n99re6._.css was preloaded using link preload but not used within a few seconds from the window's load event. Please make sure it has an appropriate `as` value and it is preloaded intentionally. @ http://localhost:3000/:0
[ 2199918ms] [WARNING] The resource http://localhost:3000/_next/static/chunks/%5Broot-of-the-server%5D__0n99re6._.css was preloaded using link preload but not used within a few seconds from the window's load event. Please make sure it has an appropriate `as` value and it is preloaded intentionally. @ http://localhost:3000/:0
[ 2203991ms] [WARNING] The resource http://localhost:3000/_next/static/chunks/%5Broot-of-the-server%5D__0n99re6._.css was preloaded using link preload but not used within a few seconds from the window's load event. Please make sure it has an appropriate `as` value and it is preloaded intentionally. @ http://localhost:3000/:0
[ 2208057ms] [WARNING] The resource http://localhost:3000/_next/static/chunks/%5Broot-of-the-server%5D__0n99re6._.css was preloaded using link preload but not used within a few seconds from the window's load event. Please make sure it has an appropriate `as` value and it is preloaded intentionally. @ http://localhost:3000/:0
[ 2211913ms] [WARNING] The resource http://localhost:3000/_next/static/chunks/%5Broot-of-the-server%5D__0n99re6._.css was preloaded using link preload but not used within a few seconds from the window's load event. Please make sure it has an appropriate `as` value and it is preloaded intentionally. @ http://localhost:3000/:0
[ 2215958ms] [WARNING] The resource http://localhost:3000/_next/static/chunks/%5Broot-of-the-server%5D__0n99re6._.css was preloaded using link preload but not used within a few seconds from the window's load event. Please make sure it has an appropriate `as` value and it is preloaded intentionally. @ http://localhost:3000/:0
[ 2219975ms] [WARNING] The resource http://localhost:3000/_next/static/chunks/%5Broot-of-the-server%5D__0n99re6._.css was preloaded using link preload but not used within a few seconds from the window's load event. Please make sure it has an appropriate `as` value and it is preloaded intentionally. @ http://localhost:3000/:0
[ 2223944ms] [WARNING] The resource http://localhost:3000/_next/static/chunks/%5Broot-of-the-server%5D__0n99re6._.css was preloaded using link preload but not used within a few seconds from the window's load event. Please make sure it has an appropriate `as` value and it is preloaded intentionally. @ http://localhost:3000/:0
[ 2227954ms] [WARNING] The resource http://localhost:3000/_next/static/chunks/%5Broot-of-the-server%5D__0n99re6._.css was preloaded using link preload but not used within a few seconds from the window's load event. Please make sure it has an appropriate `as` value and it is preloaded intentionally. @ http://localhost:3000/:0
[ 2231938ms] [WARNING] The resource http://localhost:3000/_next/static/chunks/%5Broot-of-the-server%5D__0n99re6._.css was preloaded using link preload but not used within a few seconds from the window's load event. Please make sure it has an appropriate `as` value and it is preloaded intentionally. @ http://localhost:3000/:0
[ 2236231ms] [WARNING] The resource http://localhost:3000/_next/static/chunks/%5Broot-of-the-server%5D__0n99re6._.css was preloaded using link preload but not used within a few seconds from the window's load event. Please make sure it has an appropriate `as` value and it is preloaded intentionally. @ http://localhost:3000/:0
[ 2239996ms] [WARNING] The resource http://localhost:3000/_next/static/chunks/%5Broot-of-the-server%5D__0n99re6._.css was preloaded using link preload but not used within a few seconds from the window's load event. Please make sure it has an appropriate `as` value and it is preloaded intentionally. @ http://localhost:3000/:0
[ 2243921ms] [WARNING] The resource http://localhost:3000/_next/static/chunks/%5Broot-of-the-server%5D__0n99re6._.css was preloaded using link preload but not used within a few seconds from the window's load event. Please make sure it has an appropriate `as` value and it is preloaded intentionally. @ http://localhost:3000/:0
[ 2247932ms] [WARNING] The resource http://localhost:3000/_next/static/chunks/%5Broot-of-the-server%5D__0n99re6._.css was preloaded using link preload but not used within a few seconds from the window's load event. Please make sure it has an appropriate `as` value and it is preloaded intentionally. @ http://localhost:3000/:0
[ 2251922ms] [WARNING] The resource http://localhost:3000/_next/static/chunks/%5Broot-of-the-server%5D__0n99re6._.css was preloaded using link preload but not used within a few seconds from the window's load event. Please make sure it has an appropriate `as` value and it is preloaded intentionally. @ http://localhost:3000/:0
[ 2255963ms] [WARNING] The resource http://localhost:3000/_next/static/chunks/%5Broot-of-the-server%5D__0n99re6._.css was preloaded using link preload but not used within a few seconds from the window's load event. Please make sure it has an appropriate `as` value and it is preloaded intentionally. @ http://localhost:3000/:0
[ 2259902ms] [WARNING] The resource http://localhost:3000/_next/static/chunks/%5Broot-of-the-server%5D__0n99re6._.css was preloaded using link preload but not used within a few seconds from the window's load event. Please make sure it has an appropriate `as` value and it is preloaded intentionally. @ http://localhost:3000/:0
[ 2263887ms] [WARNING] The resource http://localhost:3000/_next/static/chunks/%5Broot-of-the-server%5D__0n99re6._.css was preloaded using link preload but not used within a few seconds from the window's load event. Please make sure it has an appropriate `as` value and it is preloaded intentionally. @ http://localhost:3000/:0
[ 2267946ms] [WARNING] The resource http://localhost:3000/_next/static/chunks/%5Broot-of-the-server%5D__0n99re6._.css was preloaded using link preload but not used within a few seconds from the window's load event. Please make sure it has an appropriate `as` value and it is preloaded intentionally. @ http://localhost:3000/:0
[ 2272003ms] [WARNING] The resource http://localhost:3000/_next/static/chunks/%5Broot-of-the-server%5D__0n99re6._.css was preloaded using link preload but not used within a few seconds from the window's load event. Please make sure it has an appropriate `as` value and it is preloaded intentionally. @ http://localhost:3000/:0
[ 2275905ms] [WARNING] The resource http://localhost:3000/_next/static/chunks/%5Broot-of-the-server%5D__0n99re6._.css was preloaded using link preload but not used within a few seconds from the window's load event. Please make sure it has an appropriate `as` value and it is preloaded intentionally. @ http://localhost:3000/:0
[ 2279872ms] [WARNING] The resource http://localhost:3000/_next/static/chunks/%5Broot-of-the-server%5D__0n99re6._.css was preloaded using link preload but not used within a few seconds from the window's load event. Please make sure it has an appropriate `as` value and it is preloaded intentionally. @ http://localhost:3000/:0
[ 2283914ms] [WARNING] The resource http://localhost:3000/_next/static/chunks/%5Broot-of-the-server%5D__0n99re6._.css was preloaded using link preload but not used within a few seconds from the window's load event. Please make sure it has an appropriate `as` value and it is preloaded intentionally. @ http://localhost:3000/:0
[ 2287923ms] [WARNING] The resource http://localhost:3000/_next/static/chunks/%5Broot-of-the-server%5D__0n99re6._.css was preloaded using link preload but not used within a few seconds from the window's load event. Please make sure it has an appropriate `as` value and it is preloaded intentionally. @ http://localhost:3000/:0
[ 2291878ms] [WARNING] The resource http://localhost:3000/_next/static/chunks/%5Broot-of-the-server%5D__0n99re6._.css was preloaded using link preload but not used within a few seconds from the window's load event. Please make sure it has an appropriate `as` value and it is preloaded intentionally. @ http://localhost:3000/:0
[ 2295887ms] [WARNING] The resource http://localhost:3000/_next/static/chunks/%5Broot-of-the-server%5D__0n99re6._.css was preloaded using link preload but not used within a few seconds from the window's load event. Please make sure it has an appropriate `as` value and it is preloaded intentionally. @ http://localhost:3000/:0
[ 2299895ms] [WARNING] The resource http://localhost:3000/_next/static/chunks/%5Broot-of-the-server%5D__0n99re6._.css was preloaded using link preload but not used within a few seconds from the window's load event. Please make sure it has an appropriate `as` value and it is preloaded intentionally. @ http://localhost:3000/:0
[ 2304013ms] [WARNING] The resource http://localhost:3000/_next/static/chunks/%5Broot-of-the-server%5D__0n99re6._.css was preloaded using link preload but not used within a few seconds from the window's load event. Please make sure it has an appropriate `as` value and it is preloaded intentionally. @ http://localhost:3000/:0
[ 2307888ms] [WARNING] The resource http://localhost:3000/_next/static/chunks/%5Broot-of-the-server%5D__0n99re6._.css was preloaded using link preload but not used within a few seconds from the window's load event. Please make sure it has an appropriate `as` value and it is preloaded intentionally. @ http://localhost:3000/:0
[ 2311897ms] [WARNING] The resource http://localhost:3000/_next/static/chunks/%5Broot-of-the-server%5D__0n99re6._.css was preloaded using link preload but not used within a few seconds from the window's load event. Please make sure it has an appropriate `as` value and it is preloaded intentionally. @ http://localhost:3000/:0
[ 2315915ms] [WARNING] The resource http://localhost:3000/_next/static/chunks/%5Broot-of-the-server%5D__0n99re6._.css was preloaded using link preload but not used within a few seconds from the window's load event. Please make sure it has an appropriate `as` value and it is preloaded intentionally. @ http://localhost:3000/:0
[ 2319903ms] [WARNING] The resource http://localhost:3000/_next/static/chunks/%5Broot-of-the-server%5D__0n99re6._.css was preloaded using link preload but not used within a few seconds from the window's load event. Please make sure it has an appropriate `as` value and it is preloaded intentionally. @ http://localhost:3000/:0
[ 2323891ms] [WARNING] The resource http://localhost:3000/_next/static/chunks/%5Broot-of-the-server%5D__0n99re6._.css was preloaded using link preload but not used within a few seconds from the window's load event. Please make sure it has an appropriate `as` value and it is preloaded intentionally. @ http://localhost:3000/:0
[ 2327938ms] [WARNING] The resource http://localhost:3000/_next/static/chunks/%5Broot-of-the-server%5D__0n99re6._.css was preloaded using link preload but not used within a few seconds from the window's load event. Please make sure it has an appropriate `as` value and it is preloaded intentionally. @ http://localhost:3000/:0
[ 2331935ms] [WARNING] The resource http://localhost:3000/_next/static/chunks/%5Broot-of-the-server%5D__0n99re6._.css was preloaded using link preload but not used within a few seconds from the window's load event. Please make sure it has an appropriate `as` value and it is preloaded intentionally. @ http://localhost:3000/:0
[ 2335912ms] [WARNING] The resource http://localhost:3000/_next/static/chunks/%5Broot-of-the-server%5D__0n99re6._.css was preloaded using link preload but not used within a few seconds from the window's load event. Please make sure it has an appropriate `as` value and it is preloaded intentionally. @ http://localhost:3000/:0
[ 2339884ms] [WARNING] The resource http://localhost:3000/_next/static/chunks/%5Broot-of-the-server%5D__0n99re6._.css was preloaded using link preload but not used within a few seconds from the window's load event. Please make sure it has an appropriate `as` value and it is preloaded intentionally. @ http://localhost:3000/:0
[ 2343892ms] [WARNING] The resource http://localhost:3000/_next/static/chunks/%5Broot-of-the-server%5D__0n99re6._.css was preloaded using link preload but not used within a few seconds from the window's load event. Please make sure it has an appropriate `as` value and it is preloaded intentionally. @ http://localhost:3000/:0
[ 2347930ms] [WARNING] The resource http://localhost:3000/_next/static/chunks/%5Broot-of-the-server%5D__0n99re6._.css was preloaded using link preload but not used within a few seconds from the window's load event. Please make sure it has an appropriate `as` value and it is preloaded intentionally. @ http://localhost:3000/:0
[ 2351918ms] [WARNING] The resource http://localhost:3000/_next/static/chunks/%5Broot-of-the-server%5D__0n99re6._.css was preloaded using link preload but not used within a few seconds from the window's load event. Please make sure it has an appropriate `as` value and it is preloaded intentionally. @ http://localhost:3000/:0
[ 2355873ms] [WARNING] The resource http://localhost:3000/_next/static/chunks/%5Broot-of-the-server%5D__0n99re6._.css was preloaded using link preload but not used within a few seconds from the window's load event. Please make sure it has an appropriate `as` value and it is preloaded intentionally. @ http://localhost:3000/:0
[ 2359908ms] [WARNING] The resource http://localhost:3000/_next/static/chunks/%5Broot-of-the-server%5D__0n99re6._.css was preloaded using link preload but not used within a few seconds from the window's load event. Please make sure it has an appropriate `as` value and it is preloaded intentionally. @ http://localhost:3000/:0
[ 2363903ms] [WARNING] The resource http://localhost:3000/_next/static/chunks/%5Broot-of-the-server%5D__0n99re6._.css was preloaded using link preload but not used within a few seconds from the window's load event. Please make sure it has an appropriate `as` value and it is preloaded intentionally. @ http://localhost:3000/:0
[ 2367992ms] [WARNING] The resource http://localhost:3000/_next/static/chunks/%5Broot-of-the-server%5D__0n99re6._.css was preloaded using link preload but not used within a few seconds from the window's load event. Please make sure it has an appropriate `as` value and it is preloaded intentionally. @ http://localhost:3000/:0
[ 2371932ms] [WARNING] The resource http://localhost:3000/_next/static/chunks/%5Broot-of-the-server%5D__0n99re6._.css was preloaded using link preload but not used within a few seconds from the window's load event. Please make sure it has an appropriate `as` value and it is preloaded intentionally. @ http://localhost:3000/:0
[ 2375937ms] [WARNING] The resource http://localhost:3000/_next/static/chunks/%5Broot-of-the-server%5D__0n99re6._.css was preloaded using link preload but not used within a few seconds from the window's load event. Please make sure it has an appropriate `as` value and it is preloaded intentionally. @ http://localhost:3000/:0
[ 2380148ms] [WARNING] The resource http://localhost:3000/_next/static/chunks/%5Broot-of-the-server%5D__0n99re6._.css was preloaded using link preload but not used within a few seconds from the window's load event. Please make sure it has an appropriate `as` value and it is preloaded intentionally. @ http://localhost:3000/:0
[ 2384008ms] [WARNING] The resource http://localhost:3000/_next/static/chunks/%5Broot-of-the-server%5D__0n99re6._.css was preloaded using link preload but not used within a few seconds from the window's load event. Please make sure it has an appropriate `as` value and it is preloaded intentionally. @ http://localhost:3000/:0
[ 2387940ms] [WARNING] The resource http://localhost:3000/_next/static/chunks/%5Broot-of-the-server%5D__0n99re6._.css was preloaded using link preload but not used within a few seconds from the window's load event. Please make sure it has an appropriate `as` value and it is preloaded intentionally. @ http://localhost:3000/:0
[ 2391927ms] [WARNING] The resource http://localhost:3000/_next/static/chunks/%5Broot-of-the-server%5D__0n99re6._.css was preloaded using link preload but not used within a few seconds from the window's load event. Please make sure it has an appropriate `as` value and it is preloaded intentionally. @ http://localhost:3000/:0
[ 2395916ms] [WARNING] The resource http://localhost:3000/_next/static/chunks/%5Broot-of-the-server%5D__0n99re6._.css was preloaded using link preload but not used within a few seconds from the window's load event. Please make sure it has an appropriate `as` value and it is preloaded intentionally. @ http://localhost:3000/:0
[ 2399890ms] [WARNING] The resource http://localhost:3000/_next/static/chunks/%5Broot-of-the-server%5D__0n99re6._.css was preloaded using link preload but not used within a few seconds from the window's load event. Please make sure it has an appropriate `as` value and it is preloaded intentionally. @ http://localhost:3000/:0
[ 2403897ms] [WARNING] The resource http://localhost:3000/_next/static/chunks/%5Broot-of-the-server%5D__0n99re6._.css was preloaded using link preload but not used within a few seconds from the window's load event. Please make sure it has an appropriate `as` value and it is preloaded intentionally. @ http://localhost:3000/:0
[ 2407902ms] [WARNING] The resource http://localhost:3000/_next/static/chunks/%5Broot-of-the-server%5D__0n99re6._.css was preloaded using link preload but not used within a few seconds from the window's load event. Please make sure it has an appropriate `as` value and it is preloaded intentionally. @ http://localhost:3000/:0
[ 2412156ms] [WARNING] The resource http://localhost:3000/_next/static/chunks/%5Broot-of-the-server%5D__0n99re6._.css was preloaded using link preload but not used within a few seconds from the window's load event. Please make sure it has an appropriate `as` value and it is preloaded intentionally. @ http://localhost:3000/:0
[ 2416070ms] [WARNING] The resource http://localhost:3000/_next/static/chunks/%5Broot-of-the-server%5D__0n99re6._.css was preloaded using link preload but not used within a few seconds from the window's load event. Please make sure it has an appropriate `as` value and it is preloaded intentionally. @ http://localhost:3000/:0
[ 2419919ms] [WARNING] The resource http://localhost:3000/_next/static/chunks/%5Broot-of-the-server%5D__0n99re6._.css was preloaded using link preload but not used within a few seconds from the window's load event. Please make sure it has an appropriate `as` value and it is preloaded intentionally. @ http://localhost:3000/:0
[ 2423898ms] [WARNING] The resource http://localhost:3000/_next/static/chunks/%5Broot-of-the-server%5D__0n99re6._.css was preloaded using link preload but not used within a few seconds from the window's load event. Please make sure it has an appropriate `as` value and it is preloaded intentionally. @ http://localhost:3000/:0
[ 2427949ms] [WARNING] The resource http://localhost:3000/_next/static/chunks/%5Broot-of-the-server%5D__0n99re6._.css was preloaded using link preload but not used within a few seconds from the window's load event. Please make sure it has an appropriate `as` value and it is preloaded intentionally. @ http://localhost:3000/:0
[ 2431936ms] [WARNING] The resource http://localhost:3000/_next/static/chunks/%5Broot-of-the-server%5D__0n99re6._.css was preloaded using link preload but not used within a few seconds from the window's load event. Please make sure it has an appropriate `as` value and it is preloaded intentionally. @ http://localhost:3000/:0
[ 2435893ms] [WARNING] The resource http://localhost:3000/_next/static/chunks/%5Broot-of-the-server%5D__0n99re6._.css was preloaded using link preload but not used within a few seconds from the window's load event. Please make sure it has an appropriate `as` value and it is preloaded intentionally. @ http://localhost:3000/:0
[ 2439927ms] [WARNING] The resource http://localhost:3000/_next/static/chunks/%5Broot-of-the-server%5D__0n99re6._.css was preloaded using link preload but not used within a few seconds from the window's load event. Please make sure it has an appropriate `as` value and it is preloaded intentionally. @ http://localhost:3000/:0
[ 2443914ms] [WARNING] The resource http://localhost:3000/_next/static/chunks/%5Broot-of-the-server%5D__0n99re6._.css was preloaded using link preload but not used within a few seconds from the window's load event. Please make sure it has an appropriate `as` value and it is preloaded intentionally. @ http://localhost:3000/:0
[ 2448350ms] [WARNING] The resource http://localhost:3000/_next/static/chunks/%5Broot-of-the-server%5D__0n99re6._.css was preloaded using link preload but not used within a few seconds from the window's load event. Please make sure it has an appropriate `as` value and it is preloaded intentionally. @ http://localhost:3000/:0
[ 2451901ms] [WARNING] The resource http://localhost:3000/_next/static/chunks/%5Broot-of-the-server%5D__0n99re6._.css was preloaded using link preload but not used within a few seconds from the window's load event. Please make sure it has an appropriate `as` value and it is preloaded intentionally. @ http://localhost:3000/:0
[ 2455924ms] [WARNING] The resource http://localhost:3000/_next/static/chunks/%5Broot-of-the-server%5D__0n99re6._.css was preloaded using link preload but not used within a few seconds from the window's load event. Please make sure it has an appropriate `as` value and it is preloaded intentionally. @ http://localhost:3000/:0
[ 2459894ms] [WARNING] The resource http://localhost:3000/_next/static/chunks/%5Broot-of-the-server%5D__0n99re6._.css was preloaded using link preload but not used within a few seconds from the window's load event. Please make sure it has an appropriate `as` value and it is preloaded intentionally. @ http://localhost:3000/:0
[ 2463938ms] [WARNING] The resource http://localhost:3000/_next/static/chunks/%5Broot-of-the-server%5D__0n99re6._.css was preloaded using link preload but not used within a few seconds from the window's load event. Please make sure it has an appropriate `as` value and it is preloaded intentionally. @ http://localhost:3000/:0
[ 2467939ms] [WARNING] The resource http://localhost:3000/_next/static/chunks/%5Broot-of-the-server%5D__0n99re6._.css was preloaded using link preload but not used within a few seconds from the window's load event. Please make sure it has an appropriate `as` value and it is preloaded intentionally. @ http://localhost:3000/:0
[ 2471913ms] [WARNING] The resource http://localhost:3000/_next/static/chunks/%5Broot-of-the-server%5D__0n99re6._.css was preloaded using link preload but not used within a few seconds from the window's load event. Please make sure it has an appropriate `as` value and it is preloaded intentionally. @ http://localhost:3000/:0
[ 2475903ms] [WARNING] The resource http://localhost:3000/_next/static/chunks/%5Broot-of-the-server%5D__0n99re6._.css was preloaded using link preload but not used within a few seconds from the window's load event. Please make sure it has an appropriate `as` value and it is preloaded intentionally. @ http://localhost:3000/:0
[ 2479889ms] [WARNING] The resource http://localhost:3000/_next/static/chunks/%5Broot-of-the-server%5D__0n99re6._.css was preloaded using link preload but not used within a few seconds from the window's load event. Please make sure it has an appropriate `as` value and it is preloaded intentionally. @ http://localhost:3000/:0
[ 2483978ms] [WARNING] The resource http://localhost:3000/_next/static/chunks/%5Broot-of-the-server%5D__0n99re6._.css was preloaded using link preload but not used within a few seconds from the window's load event. Please make sure it has an appropriate `as` value and it is preloaded intentionally. @ http://localhost:3000/:0
[ 2487907ms] [WARNING] The resource http://localhost:3000/_next/static/chunks/%5Broot-of-the-server%5D__0n99re6._.css was preloaded using link preload but not used within a few seconds from the window's load event. Please make sure it has an appropriate `as` value and it is preloaded intentionally. @ http://localhost:3000/:0
[ 2492144ms] [WARNING] The resource http://localhost:3000/_next/static/chunks/%5Broot-of-the-server%5D__0n99re6._.css was preloaded using link preload but not used within a few seconds from the window's load event. Please make sure it has an appropriate `as` value and it is preloaded intentionally. @ http://localhost:3000/:0
[ 2495916ms] [WARNING] The resource http://localhost:3000/_next/static/chunks/%5Broot-of-the-server%5D__0n99re6._.css was preloaded using link preload but not used within a few seconds from the window's load event. Please make sure it has an appropriate `as` value and it is preloaded intentionally. @ http://localhost:3000/:0
[ 2499889ms] [WARNING] The resource http://localhost:3000/_next/static/chunks/%5Broot-of-the-server%5D__0n99re6._.css was preloaded using link preload but not used within a few seconds from the window's load event. Please make sure it has an appropriate `as` value and it is preloaded intentionally. @ http://localhost:3000/:0
[ 2503974ms] [WARNING] The resource http://localhost:3000/_next/static/chunks/%5Broot-of-the-server%5D__0n99re6._.css was preloaded using link preload but not used within a few seconds from the window's load event. Please make sure it has an appropriate `as` value and it is preloaded intentionally. @ http://localhost:3000/:0
[ 2507934ms] [WARNING] The resource http://localhost:3000/_next/static/chunks/%5Broot-of-the-server%5D__0n99re6._.css was preloaded using link preload but not used within a few seconds from the window's load event. Please make sure it has an appropriate `as` value and it is preloaded intentionally. @ http://localhost:3000/:0
[ 2512020ms] [WARNING] The resource http://localhost:3000/_next/static/chunks/%5Broot-of-the-server%5D__0n99re6._.css was preloaded using link preload but not used within a few seconds from the window's load event. Please make sure it has an appropriate `as` value and it is preloaded intentionally. @ http://localhost:3000/:0
[ 2515895ms] [WARNING] The resource http://localhost:3000/_next/static/chunks/%5Broot-of-the-server%5D__0n99re6._.css was preloaded using link preload but not used within a few seconds from the window's load event. Please make sure it has an appropriate `as` value and it is preloaded intentionally. @ http://localhost:3000/:0
[ 2519912ms] [WARNING] The resource http://localhost:3000/_next/static/chunks/%5Broot-of-the-server%5D__0n99re6._.css was preloaded using link preload but not used within a few seconds from the window's load event. Please make sure it has an appropriate `as` value and it is preloaded intentionally. @ http://localhost:3000/:0
[ 2524357ms] [WARNING] The resource http://localhost:3000/_next/static/chunks/%5Broot-of-the-server%5D__0n99re6._.css was preloaded using link preload but not used within a few seconds from the window's load event. Please make sure it has an appropriate `as` value and it is preloaded intentionally. @ http://localhost:3000/:0
[ 2528030ms] [WARNING] The resource http://localhost:3000/_next/static/chunks/%5Broot-of-the-server%5D__0n99re6._.css was preloaded using link preload but not used within a few seconds from the window's load event. Please make sure it has an appropriate `as` value and it is preloaded intentionally. @ http://localhost:3000/:0
[ 2531919ms] [WARNING] The resource http://localhost:3000/_next/static/chunks/%5Broot-of-the-server%5D__0n99re6._.css was preloaded using link preload but not used within a few seconds from the window's load event. Please make sure it has an appropriate `as` value and it is preloaded intentionally. @ http://localhost:3000/:0
[ 2535960ms] [WARNING] The resource http://localhost:3000/_next/static/chunks/%5Broot-of-the-server%5D__0n99re6._.css was preloaded using link preload but not used within a few seconds from the window's load event. Please make sure it has an appropriate `as` value and it is preloaded intentionally. @ http://localhost:3000/:0
[ 2539907ms] [WARNING] The resource http://localhost:3000/_next/static/chunks/%5Broot-of-the-server%5D__0n99re6._.css was preloaded using link preload but not used within a few seconds from the window's load event. Please make sure it has an appropriate `as` value and it is preloaded intentionally. @ http://localhost:3000/:0
[ 2543970ms] [WARNING] The resource http://localhost:3000/_next/static/chunks/%5Broot-of-the-server%5D__0n99re6._.css was preloaded using link preload but not used within a few seconds from the window's load event. Please make sure it has an appropriate `as` value and it is preloaded intentionally. @ http://localhost:3000/:0
[ 2547909ms] [WARNING] The resource http://localhost:3000/_next/static/chunks/%5Broot-of-the-server%5D__0n99re6._.css was preloaded using link preload but not used within a few seconds from the window's load event. Please make sure it has an appropriate `as` value and it is preloaded intentionally. @ http://localhost:3000/:0
[ 2551945ms] [WARNING] The resource http://localhost:3000/_next/static/chunks/%5Broot-of-the-server%5D__0n99re6._.css was preloaded using link preload but not used within a few seconds from the window's load event. Please make sure it has an appropriate `as` value and it is preloaded intentionally. @ http://localhost:3000/:0
[ 2555933ms] [WARNING] The resource http://localhost:3000/_next/static/chunks/%5Broot-of-the-server%5D__0n99re6._.css was preloaded using link preload but not used within a few seconds from the window's load event. Please make sure it has an appropriate `as` value and it is preloaded intentionally. @ http://localhost:3000/:0
[ 2559939ms] [WARNING] The resource http://localhost:3000/_next/static/chunks/%5Broot-of-the-server%5D__0n99re6._.css was preloaded using link preload but not used within a few seconds from the window's load event. Please make sure it has an appropriate `as` value and it is preloaded intentionally. @ http://localhost:3000/:0
[ 2563950ms] [WARNING] The resource http://localhost:3000/_next/static/chunks/%5Broot-of-the-server%5D__0n99re6._.css was preloaded using link preload but not used within a few seconds from the window's load event. Please make sure it has an appropriate `as` value and it is preloaded intentionally. @ http://localhost:3000/:0
[ 2567923ms] [WARNING] The resource http://localhost:3000/_next/static/chunks/%5Broot-of-the-server%5D__0n99re6._.css was preloaded using link preload but not used within a few seconds from the window's load event. Please make sure it has an appropriate `as` value and it is preloaded intentionally. @ http://localhost:3000/:0
[ 2571980ms] [WARNING] The resource http://localhost:3000/_next/static/chunks/%5Broot-of-the-server%5D__0n99re6._.css was preloaded using link preload but not used within a few seconds from the window's load event. Please make sure it has an appropriate `as` value and it is preloaded intentionally. @ http://localhost:3000/:0
[ 2575957ms] [WARNING] The resource http://localhost:3000/_next/static/chunks/%5Broot-of-the-server%5D__0n99re6._.css was preloaded using link preload but not used within a few seconds from the window's load event. Please make sure it has an appropriate `as` value and it is preloaded intentionally. @ http://localhost:3000/:0
[ 2579890ms] [WARNING] The resource http://localhost:3000/_next/static/chunks/%5Broot-of-the-server%5D__0n99re6._.css was preloaded using link preload but not used within a few seconds from the window's load event. Please make sure it has an appropriate `as` value and it is preloaded intentionally. @ http://localhost:3000/:0
[ 2583906ms] [WARNING] The resource http://localhost:3000/_next/static/chunks/%5Broot-of-the-server%5D__0n99re6._.css was preloaded using link preload but not used within a few seconds from the window's load event. Please make sure it has an appropriate `as` value and it is preloaded intentionally. @ http://localhost:3000/:0
[ 2587920ms] [WARNING] The resource http://localhost:3000/_next/static/chunks/%5Broot-of-the-server%5D__0n99re6._.css was preloaded using link preload but not used within a few seconds from the window's load event. Please make sure it has an appropriate `as` value and it is preloaded intentionally. @ http://localhost:3000/:0
[ 2591977ms] [WARNING] The resource http://localhost:3000/_next/static/chunks/%5Broot-of-the-server%5D__0n99re6._.css was preloaded using link preload but not used within a few seconds from the window's load event. Please make sure it has an appropriate `as` value and it is preloaded intentionally. @ http://localhost:3000/:0
[ 2595900ms] [WARNING] The resource http://localhost:3000/_next/static/chunks/%5Broot-of-the-server%5D__0n99re6._.css was preloaded using link preload but not used within a few seconds from the window's load event. Please make sure it has an appropriate `as` value and it is preloaded intentionally. @ http://localhost:3000/:0
[ 2599937ms] [WARNING] The resource http://localhost:3000/_next/static/chunks/%5Broot-of-the-server%5D__0n99re6._.css was preloaded using link preload but not used within a few seconds from the window's load event. Please make sure it has an appropriate `as` value and it is preloaded intentionally. @ http://localhost:3000/:0
[ 2604108ms] [WARNING] The resource http://localhost:3000/_next/static/chunks/%5Broot-of-the-server%5D__0n99re6._.css was preloaded using link preload but not used within a few seconds from the window's load event. Please make sure it has an appropriate `as` value and it is preloaded intentionally. @ http://localhost:3000/:0
[ 2607899ms] [WARNING] The resource http://localhost:3000/_next/static/chunks/%5Broot-of-the-server%5D__0n99re6._.css was preloaded using link preload but not used within a few seconds from the window's load event. Please make sure it has an appropriate `as` value and it is preloaded intentionally. @ http://localhost:3000/:0
[ 2611939ms] [WARNING] The resource http://localhost:3000/_next/static/chunks/%5Broot-of-the-server%5D__0n99re6._.css was preloaded using link preload but not used within a few seconds from the window's load event. Please make sure it has an appropriate `as` value and it is preloaded intentionally. @ http://localhost:3000/:0
[ 2615862ms] [WARNING] The resource http://localhost:3000/_next/static/chunks/%5Broot-of-the-server%5D__0n99re6._.css was preloaded using link preload but not used within a few seconds from the window's load event. Please make sure it has an appropriate `as` value and it is preloaded intentionally. @ http://localhost:3000/:0
[ 2619962ms] [WARNING] The resource http://localhost:3000/_next/static/chunks/%5Broot-of-the-server%5D__0n99re6._.css was preloaded using link preload but not used within a few seconds from the window's load event. Please make sure it has an appropriate `as` value and it is preloaded intentionally. @ http://localhost:3000/:0
[ 2623939ms] [WARNING] The resource http://localhost:3000/_next/static/chunks/%5Broot-of-the-server%5D__0n99re6._.css was preloaded using link preload but not used within a few seconds from the window's load event. Please make sure it has an appropriate `as` value and it is preloaded intentionally. @ http://localhost:3000/:0
[ 2627962ms] [WARNING] The resource http://localhost:3000/_next/static/chunks/%5Broot-of-the-server%5D__0n99re6._.css was preloaded using link preload but not used within a few seconds from the window's load event. Please make sure it has an appropriate `as` value and it is preloaded intentionally. @ http://localhost:3000/:0
[ 2631950ms] [WARNING] The resource http://localhost:3000/_next/static/chunks/%5Broot-of-the-server%5D__0n99re6._.css was preloaded using link preload but not used within a few seconds from the window's load event. Please make sure it has an appropriate `as` value and it is preloaded intentionally. @ http://localhost:3000/:0
[ 2636315ms] [WARNING] The resource http://localhost:3000/_next/static/chunks/%5Broot-of-the-server%5D__0n99re6._.css was preloaded using link preload but not used within a few seconds from the window's load event. Please make sure it has an appropriate `as` value and it is preloaded intentionally. @ http://localhost:3000/:0
[ 2639971ms] [WARNING] The resource http://localhost:3000/_next/static/chunks/%5Broot-of-the-server%5D__0n99re6._.css was preloaded using link preload but not used within a few seconds from the window's load event. Please make sure it has an appropriate `as` value and it is preloaded intentionally. @ http://localhost:3000/:0
[ 2643921ms] [WARNING] The resource http://localhost:3000/_next/static/chunks/%5Broot-of-the-server%5D__0n99re6._.css was preloaded using link preload but not used within a few seconds from the window's load event. Please make sure it has an appropriate `as` value and it is preloaded intentionally. @ http://localhost:3000/:0
[ 2647957ms] [WARNING] The resource http://localhost:3000/_next/static/chunks/%5Broot-of-the-server%5D__0n99re6._.css was preloaded using link preload but not used within a few seconds from the window's load event. Please make sure it has an appropriate `as` value and it is preloaded intentionally. @ http://localhost:3000/:0
[ 2651988ms] [WARNING] The resource http://localhost:3000/_next/static/chunks/%5Broot-of-the-server%5D__0n99re6._.css was preloaded using link preload but not used within a few seconds from the window's load event. Please make sure it has an appropriate `as` value and it is preloaded intentionally. @ http://localhost:3000/:0
[ 2655905ms] [WARNING] The resource http://localhost:3000/_next/static/chunks/%5Broot-of-the-server%5D__0n99re6._.css was preloaded using link preload but not used within a few seconds from the window's load event. Please make sure it has an appropriate `as` value and it is preloaded intentionally. @ http://localhost:3000/:0
[ 2659885ms] [WARNING] The resource http://localhost:3000/_next/static/chunks/%5Broot-of-the-server%5D__0n99re6._.css was preloaded using link preload but not used within a few seconds from the window's load event. Please make sure it has an appropriate `as` value and it is preloaded intentionally. @ http://localhost:3000/:0
[ 2663915ms] [WARNING] The resource http://localhost:3000/_next/static/chunks/%5Broot-of-the-server%5D__0n99re6._.css was preloaded using link preload but not used within a few seconds from the window's load event. Please make sure it has an appropriate `as` value and it is preloaded intentionally. @ http://localhost:3000/:0
[ 2667937ms] [WARNING] The resource http://localhost:3000/_next/static/chunks/%5Broot-of-the-server%5D__0n99re6._.css was preloaded using link preload but not used within a few seconds from the window's load event. Please make sure it has an appropriate `as` value and it is preloaded intentionally. @ http://localhost:3000/:0
[ 2671944ms] [WARNING] The resource http://localhost:3000/_next/static/chunks/%5Broot-of-the-server%5D__0n99re6._.css was preloaded using link preload but not used within a few seconds from the window's load event. Please make sure it has an appropriate `as` value and it is preloaded intentionally. @ http://localhost:3000/:0
[ 2675870ms] [WARNING] The resource http://localhost:3000/_next/static/chunks/%5Broot-of-the-server%5D__0n99re6._.css was preloaded using link preload but not used within a few seconds from the window's load event. Please make sure it has an appropriate `as` value and it is preloaded intentionally. @ http://localhost:3000/:0
[ 2679875ms] [WARNING] The resource http://localhost:3000/_next/static/chunks/%5Broot-of-the-server%5D__0n99re6._.css was preloaded using link preload but not used within a few seconds from the window's load event. Please make sure it has an appropriate `as` value and it is preloaded intentionally. @ http://localhost:3000/:0
[ 2684208ms] [WARNING] The resource http://localhost:3000/_next/static/chunks/%5Broot-of-the-server%5D__0n99re6._.css was preloaded using link preload but not used within a few seconds from the window's load event. Please make sure it has an appropriate `as` value and it is preloaded intentionally. @ http://localhost:3000/:0
[ 2687899ms] [WARNING] The resource http://localhost:3000/_next/static/chunks/%5Broot-of-the-server%5D__0n99re6._.css was preloaded using link preload but not used within a few seconds from the window's load event. Please make sure it has an appropriate `as` value and it is preloaded intentionally. @ http://localhost:3000/:0
[ 2691987ms] [WARNING] The resource http://localhost:3000/_next/static/chunks/%5Broot-of-the-server%5D__0n99re6._.css was preloaded using link preload but not used within a few seconds from the window's load event. Please make sure it has an appropriate `as` value and it is preloaded intentionally. @ http://localhost:3000/:0
[ 2695971ms] [WARNING] The resource http://localhost:3000/_next/static/chunks/%5Broot-of-the-server%5D__0n99re6._.css was preloaded using link preload but not used within a few seconds from the window's load event. Please make sure it has an appropriate `as` value and it is preloaded intentionally. @ http://localhost:3000/:0
[ 2699936ms] [WARNING] The resource http://localhost:3000/_next/static/chunks/%5Broot-of-the-server%5D__0n99re6._.css was preloaded using link preload but not used within a few seconds from the window's load event. Please make sure it has an appropriate `as` value and it is preloaded intentionally. @ http://localhost:3000/:0
[ 2703914ms] [WARNING] The resource http://localhost:3000/_next/static/chunks/%5Broot-of-the-server%5D__0n99re6._.css was preloaded using link preload but not used within a few seconds from the window's load event. Please make sure it has an appropriate `as` value and it is preloaded intentionally. @ http://localhost:3000/:0
[ 2707912ms] [WARNING] The resource http://localhost:3000/_next/static/chunks/%5Broot-of-the-server%5D__0n99re6._.css was preloaded using link preload but not used within a few seconds from the window's load event. Please make sure it has an appropriate `as` value and it is preloaded intentionally. @ http://localhost:3000/:0
[ 2711950ms] [WARNING] The resource http://localhost:3000/_next/static/chunks/%5Broot-of-the-server%5D__0n99re6._.css was preloaded using link preload but not used within a few seconds from the window's load event. Please make sure it has an appropriate `as` value and it is preloaded intentionally. @ http://localhost:3000/:0
[ 2716157ms] [WARNING] The resource http://localhost:3000/_next/static/chunks/%5Broot-of-the-server%5D__0n99re6._.css was preloaded using link preload but not used within a few seconds from the window's load event. Please make sure it has an appropriate `as` value and it is preloaded intentionally. @ http://localhost:3000/:0
[ 2719961ms] [WARNING] The resource http://localhost:3000/_next/static/chunks/%5Broot-of-the-server%5D__0n99re6._.css was preloaded using link preload but not used within a few seconds from the window's load event. Please make sure it has an appropriate `as` value and it is preloaded intentionally. @ http://localhost:3000/:0
[ 2723954ms] [WARNING] The resource http://localhost:3000/_next/static/chunks/%5Broot-of-the-server%5D__0n99re6._.css was preloaded using link preload but not used within a few seconds from the window's load event. Please make sure it has an appropriate `as` value and it is preloaded intentionally. @ http://localhost:3000/:0
[ 2727941ms] [WARNING] The resource http://localhost:3000/_next/static/chunks/%5Broot-of-the-server%5D__0n99re6._.css was preloaded using link preload but not used within a few seconds from the window's load event. Please make sure it has an appropriate `as` value and it is preloaded intentionally. @ http://localhost:3000/:0
[ 2731955ms] [WARNING] The resource http://localhost:3000/_next/static/chunks/%5Broot-of-the-server%5D__0n99re6._.css was preloaded using link preload but not used within a few seconds from the window's load event. Please make sure it has an appropriate `as` value and it is preloaded intentionally. @ http://localhost:3000/:0
[ 2735929ms] [WARNING] The resource http://localhost:3000/_next/static/chunks/%5Broot-of-the-server%5D__0n99re6._.css was preloaded using link preload but not used within a few seconds from the window's load event. Please make sure it has an appropriate `as` value and it is preloaded intentionally. @ http://localhost:3000/:0
[ 2739910ms] [WARNING] The resource http://localhost:3000/_next/static/chunks/%5Broot-of-the-server%5D__0n99re6._.css was preloaded using link preload but not used within a few seconds from the window's load event. Please make sure it has an appropriate `as` value and it is preloaded intentionally. @ http://localhost:3000/:0
[ 2743901ms] [WARNING] The resource http://localhost:3000/_next/static/chunks/%5Broot-of-the-server%5D__0n99re6._.css was preloaded using link preload but not used within a few seconds from the window's load event. Please make sure it has an appropriate `as` value and it is preloaded intentionally. @ http://localhost:3000/:0
[ 2747937ms] [WARNING] The resource http://localhost:3000/_next/static/chunks/%5Broot-of-the-server%5D__0n99re6._.css was preloaded using link preload but not used within a few seconds from the window's load event. Please make sure it has an appropriate `as` value and it is preloaded intentionally. @ http://localhost:3000/:0
[ 2752043ms] [WARNING] The resource http://localhost:3000/_next/static/chunks/%5Broot-of-the-server%5D__0n99re6._.css was preloaded using link preload but not used within a few seconds from the window's load event. Please make sure it has an appropriate `as` value and it is preloaded intentionally. @ http://localhost:3000/:0
[ 2755886ms] [WARNING] The resource http://localhost:3000/_next/static/chunks/%5Broot-of-the-server%5D__0n99re6._.css was preloaded using link preload but not used within a few seconds from the window's load event. Please make sure it has an appropriate `as` value and it is preloaded intentionally. @ http://localhost:3000/:0
[ 2759873ms] [WARNING] The resource http://localhost:3000/_next/static/chunks/%5Broot-of-the-server%5D__0n99re6._.css was preloaded using link preload but not used within a few seconds from the window's load event. Please make sure it has an appropriate `as` value and it is preloaded intentionally. @ http://localhost:3000/:0
[ 2763947ms] [WARNING] The resource http://localhost:3000/_next/static/chunks/%5Broot-of-the-server%5D__0n99re6._.css was preloaded using link preload but not used within a few seconds from the window's load event. Please make sure it has an appropriate `as` value and it is preloaded intentionally. @ http://localhost:3000/:0
[ 2767966ms] [WARNING] The resource http://localhost:3000/_next/static/chunks/%5Broot-of-the-server%5D__0n99re6._.css was preloaded using link preload but not used within a few seconds from the window's load event. Please make sure it has an appropriate `as` value and it is preloaded intentionally. @ http://localhost:3000/:0
[ 2772028ms] [WARNING] The resource http://localhost:3000/_next/static/chunks/%5Broot-of-the-server%5D__0n99re6._.css was preloaded using link preload but not used within a few seconds from the window's load event. Please make sure it has an appropriate `as` value and it is preloaded intentionally. @ http://localhost:3000/:0
[ 2775897ms] [WARNING] The resource http://localhost:3000/_next/static/chunks/%5Broot-of-the-server%5D__0n99re6._.css was preloaded using link preload but not used within a few seconds from the window's load event. Please make sure it has an appropriate `as` value and it is preloaded intentionally. @ http://localhost:3000/:0
[ 2779887ms] [WARNING] The resource http://localhost:3000/_next/static/chunks/%5Broot-of-the-server%5D__0n99re6._.css was preloaded using link preload but not used within a few seconds from the window's load event. Please make sure it has an appropriate `as` value and it is preloaded intentionally. @ http://localhost:3000/:0
[ 2783891ms] [WARNING] The resource http://localhost:3000/_next/static/chunks/%5Broot-of-the-server%5D__0n99re6._.css was preloaded using link preload but not used within a few seconds from the window's load event. Please make sure it has an appropriate `as` value and it is preloaded intentionally. @ http://localhost:3000/:0
[ 2787898ms] [WARNING] The resource http://localhost:3000/_next/static/chunks/%5Broot-of-the-server%5D__0n99re6._.css was preloaded using link preload but not used within a few seconds from the window's load event. Please make sure it has an appropriate `as` value and it is preloaded intentionally. @ http://localhost:3000/:0
[ 2791919ms] [WARNING] The resource http://localhost:3000/_next/static/chunks/%5Broot-of-the-server%5D__0n99re6._.css was preloaded using link preload but not used within a few seconds from the window's load event. Please make sure it has an appropriate `as` value and it is preloaded intentionally. @ http://localhost:3000/:0
[ 2796128ms] [WARNING] The resource http://localhost:3000/_next/static/chunks/%5Broot-of-the-server%5D__0n99re6._.css was preloaded using link preload but not used within a few seconds from the window's load event. Please make sure it has an appropriate `as` value and it is preloaded intentionally. @ http://localhost:3000/:0
[ 2799969ms] [WARNING] The resource http://localhost:3000/_next/static/chunks/%5Broot-of-the-server%5D__0n99re6._.css was preloaded using link preload but not used within a few seconds from the window's load event. Please make sure it has an appropriate `as` value and it is preloaded intentionally. @ http://localhost:3000/:0
[ 2803935ms] [WARNING] The resource http://localhost:3000/_next/static/chunks/%5Broot-of-the-server%5D__0n99re6._.css was preloaded using link preload but not used within a few seconds from the window's load event. Please make sure it has an appropriate `as` value and it is preloaded intentionally. @ http://localhost:3000/:0
[ 2807907ms] [WARNING] The resource http://localhost:3000/_next/static/chunks/%5Broot-of-the-server%5D__0n99re6._.css was preloaded using link preload but not used within a few seconds from the window's load event. Please make sure it has an appropriate `as` value and it is preloaded intentionally. @ http://localhost:3000/:0
[ 2811939ms] [WARNING] The resource http://localhost:3000/_next/static/chunks/%5Broot-of-the-server%5D__0n99re6._.css was preloaded using link preload but not used within a few seconds from the window's load event. Please make sure it has an appropriate `as` value and it is preloaded intentionally. @ http://localhost:3000/:0
[ 2815887ms] [WARNING] The resource http://localhost:3000/_next/static/chunks/%5Broot-of-the-server%5D__0n99re6._.css was preloaded using link preload but not used within a few seconds from the window's load event. Please make sure it has an appropriate `as` value and it is preloaded intentionally. @ http://localhost:3000/:0
[ 2819879ms] [WARNING] The resource http://localhost:3000/_next/static/chunks/%5Broot-of-the-server%5D__0n99re6._.css was preloaded using link preload but not used within a few seconds from the window's load event. Please make sure it has an appropriate `as` value and it is preloaded intentionally. @ http://localhost:3000/:0
[ 2823903ms] [WARNING] The resource http://localhost:3000/_next/static/chunks/%5Broot-of-the-server%5D__0n99re6._.css was preloaded using link preload but not used within a few seconds from the window's load event. Please make sure it has an appropriate `as` value and it is preloaded intentionally. @ http://localhost:3000/:0
[ 2828324ms] [WARNING] The resource http://localhost:3000/_next/static/chunks/%5Broot-of-the-server%5D__0n99re6._.css was preloaded using link preload but not used within a few seconds from the window's load event. Please make sure it has an appropriate `as` value and it is preloaded intentionally. @ http://localhost:3000/:0
[ 2832086ms] [WARNING] The resource http://localhost:3000/_next/static/chunks/%5Broot-of-the-server%5D__0n99re6._.css was preloaded using link preload but not used within a few seconds from the window's load event. Please make sure it has an appropriate `as` value and it is preloaded intentionally. @ http://localhost:3000/:0
[ 2835886ms] [WARNING] The resource http://localhost:3000/_next/static/chunks/%5Broot-of-the-server%5D__0n99re6._.css was preloaded using link preload but not used within a few seconds from the window's load event. Please make sure it has an appropriate `as` value and it is preloaded intentionally. @ http://localhost:3000/:0
[ 2839907ms] [WARNING] The resource http://localhost:3000/_next/static/chunks/%5Broot-of-the-server%5D__0n99re6._.css was preloaded using link preload but not used within a few seconds from the window's load event. Please make sure it has an appropriate `as` value and it is preloaded intentionally. @ http://localhost:3000/:0
[ 2843935ms] [WARNING] The resource http://localhost:3000/_next/static/chunks/%5Broot-of-the-server%5D__0n99re6._.css was preloaded using link preload but not used within a few seconds from the window's load event. Please make sure it has an appropriate `as` value and it is preloaded intentionally. @ http://localhost:3000/:0
[ 2847854ms] [WARNING] The resource http://localhost:3000/_next/static/chunks/%5Broot-of-the-server%5D__0n99re6._.css was preloaded using link preload but not used within a few seconds from the window's load event. Please make sure it has an appropriate `as` value and it is preloaded intentionally. @ http://localhost:3000/:0
[ 2851928ms] [WARNING] The resource http://localhost:3000/_next/static/chunks/%5Broot-of-the-server%5D__0n99re6._.css was preloaded using link preload but not used within a few seconds from the window's load event. Please make sure it has an appropriate `as` value and it is preloaded intentionally. @ http://localhost:3000/:0
[ 2855881ms] [WARNING] The resource http://localhost:3000/_next/static/chunks/%5Broot-of-the-server%5D__0n99re6._.css was preloaded using link preload but not used within a few seconds from the window's load event. Please make sure it has an appropriate `as` value and it is preloaded intentionally. @ http://localhost:3000/:0
[ 2859896ms] [WARNING] The resource http://localhost:3000/_next/static/chunks/%5Broot-of-the-server%5D__0n99re6._.css was preloaded using link preload but not used within a few seconds from the window's load event. Please make sure it has an appropriate `as` value and it is preloaded intentionally. @ http://localhost:3000/:0
[ 2864059ms] [WARNING] The resource http://localhost:3000/_next/static/chunks/%5Broot-of-the-server%5D__0n99re6._.css was preloaded using link preload but not used within a few seconds from the window's load event. Please make sure it has an appropriate `as` value and it is preloaded intentionally. @ http://localhost:3000/:0
[ 2867934ms] [WARNING] The resource http://localhost:3000/_next/static/chunks/%5Broot-of-the-server%5D__0n99re6._.css was preloaded using link preload but not used within a few seconds from the window's load event. Please make sure it has an appropriate `as` value and it is preloaded intentionally. @ http://localhost:3000/:0
[ 2871924ms] [WARNING] The resource http://localhost:3000/_next/static/chunks/%5Broot-of-the-server%5D__0n99re6._.css was preloaded using link preload but not used within a few seconds from the window's load event. Please make sure it has an appropriate `as` value and it is preloaded intentionally. @ http://localhost:3000/:0
[ 2875947ms] [WARNING] The resource http://localhost:3000/_next/static/chunks/%5Broot-of-the-server%5D__0n99re6._.css was preloaded using link preload but not used within a few seconds from the window's load event. Please make sure it has an appropriate `as` value and it is preloaded intentionally. @ http://localhost:3000/:0
[ 2879923ms] [WARNING] The resource http://localhost:3000/_next/static/chunks/%5Broot-of-the-server%5D__0n99re6._.css was preloaded using link preload but not used within a few seconds from the window's load event. Please make sure it has an appropriate `as` value and it is preloaded intentionally. @ http://localhost:3000/:0
[ 2883958ms] [WARNING] The resource http://localhost:3000/_next/static/chunks/%5Broot-of-the-server%5D__0n99re6._.css was preloaded using link preload but not used within a few seconds from the window's load event. Please make sure it has an appropriate `as` value and it is preloaded intentionally. @ http://localhost:3000/:0
[ 2887900ms] [WARNING] The resource http://localhost:3000/_next/static/chunks/%5Broot-of-the-server%5D__0n99re6._.css was preloaded using link preload but not used within a few seconds from the window's load event. Please make sure it has an appropriate `as` value and it is preloaded intentionally. @ http://localhost:3000/:0
[ 2891997ms] [WARNING] The resource http://localhost:3000/_next/static/chunks/%5Broot-of-the-server%5D__0n99re6._.css was preloaded using link preload but not used within a few seconds from the window's load event. Please make sure it has an appropriate `as` value and it is preloaded intentionally. @ http://localhost:3000/:0
[ 2895910ms] [WARNING] The resource http://localhost:3000/_next/static/chunks/%5Broot-of-the-server%5D__0n99re6._.css was preloaded using link preload but not used within a few seconds from the window's load event. Please make sure it has an appropriate `as` value and it is preloaded intentionally. @ http://localhost:3000/:0
[ 2899916ms] [WARNING] The resource http://localhost:3000/_next/static/chunks/%5Broot-of-the-server%5D__0n99re6._.css was preloaded using link preload but not used within a few seconds from the window's load event. Please make sure it has an appropriate `as` value and it is preloaded intentionally. @ http://localhost:3000/:0
[ 2903954ms] [WARNING] The resource http://localhost:3000/_next/static/chunks/%5Broot-of-the-server%5D__0n99re6._.css was preloaded using link preload but not used within a few seconds from the window's load event. Please make sure it has an appropriate `as` value and it is preloaded intentionally. @ http://localhost:3000/:0
[ 2908267ms] [WARNING] The resource http://localhost:3000/_next/static/chunks/%5Broot-of-the-server%5D__0n99re6._.css was preloaded using link preload but not used within a few seconds from the window's load event. Please make sure it has an appropriate `as` value and it is preloaded intentionally. @ http://localhost:3000/:0
[ 2911900ms] [WARNING] The resource http://localhost:3000/_next/static/chunks/%5Broot-of-the-server%5D__0n99re6._.css was preloaded using link preload but not used within a few seconds from the window's load event. Please make sure it has an appropriate `as` value and it is preloaded intentionally. @ http://localhost:3000/:0
[ 2915873ms] [WARNING] The resource http://localhost:3000/_next/static/chunks/%5Broot-of-the-server%5D__0n99re6._.css was preloaded using link preload but not used within a few seconds from the window's load event. Please make sure it has an appropriate `as` value and it is preloaded intentionally. @ http://localhost:3000/:0
[ 2919895ms] [WARNING] The resource http://localhost:3000/_next/static/chunks/%5Broot-of-the-server%5D__0n99re6._.css was preloaded using link preload but not used within a few seconds from the window's load event. Please make sure it has an appropriate `as` value and it is preloaded intentionally. @ http://localhost:3000/:0
[ 2923897ms] [WARNING] The resource http://localhost:3000/_next/static/chunks/%5Broot-of-the-server%5D__0n99re6._.css was preloaded using link preload but not used within a few seconds from the window's load event. Please make sure it has an appropriate `as` value and it is preloaded intentionally. @ http://localhost:3000/:0
[ 2927881ms] [WARNING] The resource http://localhost:3000/_next/static/chunks/%5Broot-of-the-server%5D__0n99re6._.css was preloaded using link preload but not used within a few seconds from the window's load event. Please make sure it has an appropriate `as` value and it is preloaded intentionally. @ http://localhost:3000/:0
[ 2931965ms] [WARNING] The resource http://localhost:3000/_next/static/chunks/%5Broot-of-the-server%5D__0n99re6._.css was preloaded using link preload but not used within a few seconds from the window's load event. Please make sure it has an appropriate `as` value and it is preloaded intentionally. @ http://localhost:3000/:0
[ 2935885ms] [WARNING] The resource http://localhost:3000/_next/static/chunks/%5Broot-of-the-server%5D__0n99re6._.css was preloaded using link preload but not used within a few seconds from the window's load event. Please make sure it has an appropriate `as` value and it is preloaded intentionally. @ http://localhost:3000/:0
[ 2940112ms] [WARNING] The resource http://localhost:3000/_next/static/chunks/%5Broot-of-the-server%5D__0n99re6._.css was preloaded using link preload but not used within a few seconds from the window's load event. Please make sure it has an appropriate `as` value and it is preloaded intentionally. @ http://localhost:3000/:0
[ 2944043ms] [WARNING] The resource http://localhost:3000/_next/static/chunks/%5Broot-of-the-server%5D__0n99re6._.css was preloaded using link preload but not used within a few seconds from the window's load event. Please make sure it has an appropriate `as` value and it is preloaded intentionally. @ http://localhost:3000/:0
[ 2947885ms] [WARNING] The resource http://localhost:3000/_next/static/chunks/%5Broot-of-the-server%5D__0n99re6._.css was preloaded using link preload but not used within a few seconds from the window's load event. Please make sure it has an appropriate `as` value and it is preloaded intentionally. @ http://localhost:3000/:0
[ 2951877ms] [WARNING] The resource http://localhost:3000/_next/static/chunks/%5Broot-of-the-server%5D__0n99re6._.css was preloaded using link preload but not used within a few seconds from the window's load event. Please make sure it has an appropriate `as` value and it is preloaded intentionally. @ http://localhost:3000/:0
[ 2955878ms] [WARNING] The resource http://localhost:3000/_next/static/chunks/%5Broot-of-the-server%5D__0n99re6._.css was preloaded using link preload but not used within a few seconds from the window's load event. Please make sure it has an appropriate `as` value and it is preloaded intentionally. @ http://localhost:3000/:0
[ 2959871ms] [WARNING] The resource http://localhost:3000/_next/static/chunks/%5Broot-of-the-server%5D__0n99re6._.css was preloaded using link preload but not used within a few seconds from the window's load event. Please make sure it has an appropriate `as` value and it is preloaded intentionally. @ http://localhost:3000/:0
[ 2963893ms] [WARNING] The resource http://localhost:3000/_next/static/chunks/%5Broot-of-the-server%5D__0n99re6._.css was preloaded using link preload but not used within a few seconds from the window's load event. Please make sure it has an appropriate `as` value and it is preloaded intentionally. @ http://localhost:3000/:0
[ 2967883ms] [WARNING] The resource http://localhost:3000/_next/static/chunks/%5Broot-of-the-server%5D__0n99re6._.css was preloaded using link preload but not used within a few seconds from the window's load event. Please make sure it has an appropriate `as` value and it is preloaded intentionally. @ http://localhost:3000/:0
[ 2972239ms] [WARNING] The resource http://localhost:3000/_next/static/chunks/%5Broot-of-the-server%5D__0n99re6._.css was preloaded using link preload but not used within a few seconds from the window's load event. Please make sure it has an appropriate `as` value and it is preloaded intentionally. @ http://localhost:3000/:0
[ 2975995ms] [WARNING] The resource http://localhost:3000/_next/static/chunks/%5Broot-of-the-server%5D__0n99re6._.css was preloaded using link preload but not used within a few seconds from the window's load event. Please make sure it has an appropriate `as` value and it is preloaded intentionally. @ http://localhost:3000/:0
[ 2979881ms] [WARNING] The resource http://localhost:3000/_next/static/chunks/%5Broot-of-the-server%5D__0n99re6._.css was preloaded using link preload but not used within a few seconds from the window's load event. Please make sure it has an appropriate `as` value and it is preloaded intentionally. @ http://localhost:3000/:0
[ 2983891ms] [WARNING] The resource http://localhost:3000/_next/static/chunks/%5Broot-of-the-server%5D__0n99re6._.css was preloaded using link preload but not used within a few seconds from the window's load event. Please make sure it has an appropriate `as` value and it is preloaded intentionally. @ http://localhost:3000/:0
[ 2987895ms] [WARNING] The resource http://localhost:3000/_next/static/chunks/%5Broot-of-the-server%5D__0n99re6._.css was preloaded using link preload but not used within a few seconds from the window's load event. Please make sure it has an appropriate `as` value and it is preloaded intentionally. @ http://localhost:3000/:0
[ 2991924ms] [WARNING] The resource http://localhost:3000/_next/static/chunks/%5Broot-of-the-server%5D__0n99re6._.css was preloaded using link preload but not used within a few seconds from the window's load event. Please make sure it has an appropriate `as` value and it is preloaded intentionally. @ http://localhost:3000/:0
[ 2995923ms] [WARNING] The resource http://localhost:3000/_next/static/chunks/%5Broot-of-the-server%5D__0n99re6._.css was preloaded using link preload but not used within a few seconds from the window's load event. Please make sure it has an appropriate `as` value and it is preloaded intentionally. @ http://localhost:3000/:0
[ 2999893ms] [WARNING] The resource http://localhost:3000/_next/static/chunks/%5Broot-of-the-server%5D__0n99re6._.css was preloaded using link preload but not used within a few seconds from the window's load event. Please make sure it has an appropriate `as` value and it is preloaded intentionally. @ http://localhost:3000/:0
[ 3003945ms] [WARNING] The resource http://localhost:3000/_next/static/chunks/%5Broot-of-the-server%5D__0n99re6._.css was preloaded using link preload but not used within a few seconds from the window's load event. Please make sure it has an appropriate `as` value and it is preloaded intentionally. @ http://localhost:3000/:0
[ 3007989ms] [WARNING] The resource http://localhost:3000/_next/static/chunks/%5Broot-of-the-server%5D__0n99re6._.css was preloaded using link preload but not used within a few seconds from the window's load event. Please make sure it has an appropriate `as` value and it is preloaded intentionally. @ http://localhost:3000/:0
[ 3011925ms] [WARNING] The resource http://localhost:3000/_next/static/chunks/%5Broot-of-the-server%5D__0n99re6._.css was preloaded using link preload but not used within a few seconds from the window's load event. Please make sure it has an appropriate `as` value and it is preloaded intentionally. @ http://localhost:3000/:0
[ 3015884ms] [WARNING] The resource http://localhost:3000/_next/static/chunks/%5Broot-of-the-server%5D__0n99re6._.css was preloaded using link preload but not used within a few seconds from the window's load event. Please make sure it has an appropriate `as` value and it is preloaded intentionally. @ http://localhost:3000/:0
[ 3019908ms] [WARNING] The resource http://localhost:3000/_next/static/chunks/%5Broot-of-the-server%5D__0n99re6._.css was preloaded using link preload but not used within a few seconds from the window's load event. Please make sure it has an appropriate `as` value and it is preloaded intentionally. @ http://localhost:3000/:0
[ 3023941ms] [WARNING] The resource http://localhost:3000/_next/static/chunks/%5Broot-of-the-server%5D__0n99re6._.css was preloaded using link preload but not used within a few seconds from the window's load event. Please make sure it has an appropriate `as` value and it is preloaded intentionally. @ http://localhost:3000/:0
[ 3027906ms] [WARNING] The resource http://localhost:3000/_next/static/chunks/%5Broot-of-the-server%5D__0n99re6._.css was preloaded using link preload but not used within a few seconds from the window's load event. Please make sure it has an appropriate `as` value and it is preloaded intentionally. @ http://localhost:3000/:0
[ 3031895ms] [WARNING] The resource http://localhost:3000/_next/static/chunks/%5Broot-of-the-server%5D__0n99re6._.css was preloaded using link preload but not used within a few seconds from the window's load event. Please make sure it has an appropriate `as` value and it is preloaded intentionally. @ http://localhost:3000/:0
[ 3035901ms] [WARNING] The resource http://localhost:3000/_next/static/chunks/%5Broot-of-the-server%5D__0n99re6._.css was preloaded using link preload but not used within a few seconds from the window's load event. Please make sure it has an appropriate `as` value and it is preloaded intentionally. @ http://localhost:3000/:0
[ 3039875ms] [WARNING] The resource http://localhost:3000/_next/static/chunks/%5Broot-of-the-server%5D__0n99re6._.css was preloaded using link preload but not used within a few seconds from the window's load event. Please make sure it has an appropriate `as` value and it is preloaded intentionally. @ http://localhost:3000/:0
[ 3043913ms] [WARNING] The resource http://localhost:3000/_next/static/chunks/%5Broot-of-the-server%5D__0n99re6._.css was preloaded using link preload but not used within a few seconds from the window's load event. Please make sure it has an appropriate `as` value and it is preloaded intentionally. @ http://localhost:3000/:0
[ 3047905ms] [WARNING] The resource http://localhost:3000/_next/static/chunks/%5Broot-of-the-server%5D__0n99re6._.css was preloaded using link preload but not used within a few seconds from the window's load event. Please make sure it has an appropriate `as` value and it is preloaded intentionally. @ http://localhost:3000/:0
[ 3052242ms] [WARNING] The resource http://localhost:3000/_next/static/chunks/%5Broot-of-the-server%5D__0n99re6._.css was preloaded using link preload but not used within a few seconds from the window's load event. Please make sure it has an appropriate `as` value and it is preloaded intentionally. @ http://localhost:3000/:0
[ 3055935ms] [WARNING] The resource http://localhost:3000/_next/static/chunks/%5Broot-of-the-server%5D__0n99re6._.css was preloaded using link preload but not used within a few seconds from the window's load event. Please make sure it has an appropriate `as` value and it is preloaded intentionally. @ http://localhost:3000/:0
[ 3059888ms] [WARNING] The resource http://localhost:3000/_next/static/chunks/%5Broot-of-the-server%5D__0n99re6._.css was preloaded using link preload but not used within a few seconds from the window's load event. Please make sure it has an appropriate `as` value and it is preloaded intentionally. @ http://localhost:3000/:0
[ 3063924ms] [WARNING] The resource http://localhost:3000/_next/static/chunks/%5Broot-of-the-server%5D__0n99re6._.css was preloaded using link preload but not used within a few seconds from the window's load event. Please make sure it has an appropriate `as` value and it is preloaded intentionally. @ http://localhost:3000/:0
[ 3067900ms] [WARNING] The resource http://localhost:3000/_next/static/chunks/%5Broot-of-the-server%5D__0n99re6._.css was preloaded using link preload but not used within a few seconds from the window's load event. Please make sure it has an appropriate `as` value and it is preloaded intentionally. @ http://localhost:3000/:0
[ 3071907ms] [WARNING] The resource http://localhost:3000/_next/static/chunks/%5Broot-of-the-server%5D__0n99re6._.css was preloaded using link preload but not used within a few seconds from the window's load event. Please make sure it has an appropriate `as` value and it is preloaded intentionally. @ http://localhost:3000/:0
[ 3075887ms] [WARNING] The resource http://localhost:3000/_next/static/chunks/%5Broot-of-the-server%5D__0n99re6._.css was preloaded using link preload but not used within a few seconds from the window's load event. Please make sure it has an appropriate `as` value and it is preloaded intentionally. @ http://localhost:3000/:0
[ 3079900ms] [WARNING] The resource http://localhost:3000/_next/static/chunks/%5Broot-of-the-server%5D__0n99re6._.css was preloaded using link preload but not used within a few seconds from the window's load event. Please make sure it has an appropriate `as` value and it is preloaded intentionally. @ http://localhost:3000/:0
[ 3084221ms] [WARNING] The resource http://localhost:3000/_next/static/chunks/%5Broot-of-the-server%5D__0n99re6._.css was preloaded using link preload but not used within a few seconds from the window's load event. Please make sure it has an appropriate `as` value and it is preloaded intentionally. @ http://localhost:3000/:0
[ 3087961ms] [WARNING] The resource http://localhost:3000/_next/static/chunks/%5Broot-of-the-server%5D__0n99re6._.css was preloaded using link preload but not used within a few seconds from the window's load event. Please make sure it has an appropriate `as` value and it is preloaded intentionally. @ http://localhost:3000/:0
[ 3091884ms] [WARNING] The resource http://localhost:3000/_next/static/chunks/%5Broot-of-the-server%5D__0n99re6._.css was preloaded using link preload but not used within a few seconds from the window's load event. Please make sure it has an appropriate `as` value and it is preloaded intentionally. @ http://localhost:3000/:0
[ 3096041ms] [WARNING] The resource http://localhost:3000/_next/static/chunks/%5Broot-of-the-server%5D__0n99re6._.css was preloaded using link preload but not used within a few seconds from the window's load event. Please make sure it has an appropriate `as` value and it is preloaded intentionally. @ http://localhost:3000/:0
[ 3100038ms] [WARNING] The resource http://localhost:3000/_next/static/chunks/%5Broot-of-the-server%5D__0n99re6._.css was preloaded using link preload but not used within a few seconds from the window's load event. Please make sure it has an appropriate `as` value and it is preloaded intentionally. @ http://localhost:3000/:0
[ 3103987ms] [WARNING] The resource http://localhost:3000/_next/static/chunks/%5Broot-of-the-server%5D__0n99re6._.css was preloaded using link preload but not used within a few seconds from the window's load event. Please make sure it has an appropriate `as` value and it is preloaded intentionally. @ http://localhost:3000/:0
[ 3107939ms] [WARNING] The resource http://localhost:3000/_next/static/chunks/%5Broot-of-the-server%5D__0n99re6._.css was preloaded using link preload but not used within a few seconds from the window's load event. Please make sure it has an appropriate `as` value and it is preloaded intentionally. @ http://localhost:3000/:0
[ 3111929ms] [WARNING] The resource http://localhost:3000/_next/static/chunks/%5Broot-of-the-server%5D__0n99re6._.css was preloaded using link preload but not used within a few seconds from the window's load event. Please make sure it has an appropriate `as` value and it is preloaded intentionally. @ http://localhost:3000/:0
[ 3115886ms] [WARNING] The resource http://localhost:3000/_next/static/chunks/%5Broot-of-the-server%5D__0n99re6._.css was preloaded using link preload but not used within a few seconds from the window's load event. Please make sure it has an appropriate `as` value and it is preloaded intentionally. @ http://localhost:3000/:0
[ 3119977ms] [WARNING] The resource http://localhost:3000/_next/static/chunks/%5Broot-of-the-server%5D__0n99re6._.css was preloaded using link preload but not used within a few seconds from the window's load event. Please make sure it has an appropriate `as` value and it is preloaded intentionally. @ http://localhost:3000/:0
[ 3123948ms] [WARNING] The resource http://localhost:3000/_next/static/chunks/%5Broot-of-the-server%5D__0n99re6._.css was preloaded using link preload but not used within a few seconds from the window's load event. Please make sure it has an appropriate `as` value and it is preloaded intentionally. @ http://localhost:3000/:0
[ 3127866ms] [WARNING] The resource http://localhost:3000/_next/static/chunks/%5Broot-of-the-server%5D__0n99re6._.css was preloaded using link preload but not used within a few seconds from the window's load event. Please make sure it has an appropriate `as` value and it is preloaded intentionally. @ http://localhost:3000/:0
[ 3131890ms] [WARNING] The resource http://localhost:3000/_next/static/chunks/%5Broot-of-the-server%5D__0n99re6._.css was preloaded using link preload but not used within a few seconds from the window's load event. Please make sure it has an appropriate `as` value and it is preloaded intentionally. @ http://localhost:3000/:0
[ 3135947ms] [WARNING] The resource http://localhost:3000/_next/static/chunks/%5Broot-of-the-server%5D__0n99re6._.css was preloaded using link preload but not used within a few seconds from the window's load event. Please make sure it has an appropriate `as` value and it is preloaded intentionally. @ http://localhost:3000/:0
[ 3139873ms] [WARNING] The resource http://localhost:3000/_next/static/chunks/%5Broot-of-the-server%5D__0n99re6._.css was preloaded using link preload but not used within a few seconds from the window's load event. Please make sure it has an appropriate `as` value and it is preloaded intentionally. @ http://localhost:3000/:0
[ 3143928ms] [WARNING] The resource http://localhost:3000/_next/static/chunks/%5Broot-of-the-server%5D__0n99re6._.css was preloaded using link preload but not used within a few seconds from the window's load event. Please make sure it has an appropriate `as` value and it is preloaded intentionally. @ http://localhost:3000/:0
[ 3147887ms] [WARNING] The resource http://localhost:3000/_next/static/chunks/%5Broot-of-the-server%5D__0n99re6._.css was preloaded using link preload but not used within a few seconds from the window's load event. Please make sure it has an appropriate `as` value and it is preloaded intentionally. @ http://localhost:3000/:0
[ 3151895ms] [WARNING] The resource http://localhost:3000/_next/static/chunks/%5Broot-of-the-server%5D__0n99re6._.css was preloaded using link preload but not used within a few seconds from the window's load event. Please make sure it has an appropriate `as` value and it is preloaded intentionally. @ http://localhost:3000/:0
[ 3155913ms] [WARNING] The resource http://localhost:3000/_next/static/chunks/%5Broot-of-the-server%5D__0n99re6._.css was preloaded using link preload but not used within a few seconds from the window's load event. Please make sure it has an appropriate `as` value and it is preloaded intentionally. @ http://localhost:3000/:0
[ 3159883ms] [WARNING] The resource http://localhost:3000/_next/static/chunks/%5Broot-of-the-server%5D__0n99re6._.css was preloaded using link preload but not used within a few seconds from the window's load event. Please make sure it has an appropriate `as` value and it is preloaded intentionally. @ http://localhost:3000/:0
[ 3163954ms] [WARNING] The resource http://localhost:3000/_next/static/chunks/%5Broot-of-the-server%5D__0n99re6._.css was preloaded using link preload but not used within a few seconds from the window's load event. Please make sure it has an appropriate `as` value and it is preloaded intentionally. @ http://localhost:3000/:0
[ 3167914ms] [WARNING] The resource http://localhost:3000/_next/static/chunks/%5Broot-of-the-server%5D__0n99re6._.css was preloaded using link preload but not used within a few seconds from the window's load event. Please make sure it has an appropriate `as` value and it is preloaded intentionally. @ http://localhost:3000/:0
[ 3171886ms] [WARNING] The resource http://localhost:3000/_next/static/chunks/%5Broot-of-the-server%5D__0n99re6._.css was preloaded using link preload but not used within a few seconds from the window's load event. Please make sure it has an appropriate `as` value and it is preloaded intentionally. @ http://localhost:3000/:0
[ 3175958ms] [WARNING] The resource http://localhost:3000/_next/static/chunks/%5Broot-of-the-server%5D__0n99re6._.css was preloaded using link preload but not used within a few seconds from the window's load event. Please make sure it has an appropriate `as` value and it is preloaded intentionally. @ http://localhost:3000/:0
[ 3179876ms] [WARNING] The resource http://localhost:3000/_next/static/chunks/%5Broot-of-the-server%5D__0n99re6._.css was preloaded using link preload but not used within a few seconds from the window's load event. Please make sure it has an appropriate `as` value and it is preloaded intentionally. @ http://localhost:3000/:0
[ 3183917ms] [WARNING] The resource http://localhost:3000/_next/static/chunks/%5Broot-of-the-server%5D__0n99re6._.css was preloaded using link preload but not used within a few seconds from the window's load event. Please make sure it has an appropriate `as` value and it is preloaded intentionally. @ http://localhost:3000/:0
[ 3187898ms] [WARNING] The resource http://localhost:3000/_next/static/chunks/%5Broot-of-the-server%5D__0n99re6._.css was preloaded using link preload but not used within a few seconds from the window's load event. Please make sure it has an appropriate `as` value and it is preloaded intentionally. @ http://localhost:3000/:0
[ 3191883ms] [WARNING] The resource http://localhost:3000/_next/static/chunks/%5Broot-of-the-server%5D__0n99re6._.css was preloaded using link preload but not used within a few seconds from the window's load event. Please make sure it has an appropriate `as` value and it is preloaded intentionally. @ http://localhost:3000/:0
[ 3196136ms] [WARNING] The resource http://localhost:3000/_next/static/chunks/%5Broot-of-the-server%5D__0n99re6._.css was preloaded using link preload but not used within a few seconds from the window's load event. Please make sure it has an appropriate `as` value and it is preloaded intentionally. @ http://localhost:3000/:0
[ 3200024ms] [WARNING] The resource http://localhost:3000/_next/static/chunks/%5Broot-of-the-server%5D__0n99re6._.css was preloaded using link preload but not used within a few seconds from the window's load event. Please make sure it has an appropriate `as` value and it is preloaded intentionally. @ http://localhost:3000/:0
[ 3203931ms] [WARNING] The resource http://localhost:3000/_next/static/chunks/%5Broot-of-the-server%5D__0n99re6._.css was preloaded using link preload but not used within a few seconds from the window's load event. Please make sure it has an appropriate `as` value and it is preloaded intentionally. @ http://localhost:3000/:0
[ 3207889ms] [WARNING] The resource http://localhost:3000/_next/static/chunks/%5Broot-of-the-server%5D__0n99re6._.css was preloaded using link preload but not used within a few seconds from the window's load event. Please make sure it has an appropriate `as` value and it is preloaded intentionally. @ http://localhost:3000/:0
[ 3211897ms] [WARNING] The resource http://localhost:3000/_next/static/chunks/%5Broot-of-the-server%5D__0n99re6._.css was preloaded using link preload but not used within a few seconds from the window's load event. Please make sure it has an appropriate `as` value and it is preloaded intentionally. @ http://localhost:3000/:0
[ 3215883ms] [WARNING] The resource http://localhost:3000/_next/static/chunks/%5Broot-of-the-server%5D__0n99re6._.css was preloaded using link preload but not used within a few seconds from the window's load event. Please make sure it has an appropriate `as` value and it is preloaded intentionally. @ http://localhost:3000/:0
[ 3219874ms] [WARNING] The resource http://localhost:3000/_next/static/chunks/%5Broot-of-the-server%5D__0n99re6._.css was preloaded using link preload but not used within a few seconds from the window's load event. Please make sure it has an appropriate `as` value and it is preloaded intentionally. @ http://localhost:3000/:0
[ 3223911ms] [WARNING] The resource http://localhost:3000/_next/static/chunks/%5Broot-of-the-server%5D__0n99re6._.css was preloaded using link preload but not used within a few seconds from the window's load event. Please make sure it has an appropriate `as` value and it is preloaded intentionally. @ http://localhost:3000/:0
[ 3228120ms] [WARNING] The resource http://localhost:3000/_next/static/chunks/%5Broot-of-the-server%5D__0n99re6._.css was preloaded using link preload but not used within a few seconds from the window's load event. Please make sure it has an appropriate `as` value and it is preloaded intentionally. @ http://localhost:3000/:0
[ 3231980ms] [WARNING] The resource http://localhost:3000/_next/static/chunks/%5Broot-of-the-server%5D__0n99re6._.css was preloaded using link preload but not used within a few seconds from the window's load event. Please make sure it has an appropriate `as` value and it is preloaded intentionally. @ http://localhost:3000/:0
[ 3235946ms] [WARNING] The resource http://localhost:3000/_next/static/chunks/%5Broot-of-the-server%5D__0n99re6._.css was preloaded using link preload but not used within a few seconds from the window's load event. Please make sure it has an appropriate `as` value and it is preloaded intentionally. @ http://localhost:3000/:0
[ 3239892ms] [WARNING] The resource http://localhost:3000/_next/static/chunks/%5Broot-of-the-server%5D__0n99re6._.css was preloaded using link preload but not used within a few seconds from the window's load event. Please make sure it has an appropriate `as` value and it is preloaded intentionally. @ http://localhost:3000/:0
[ 3243959ms] [WARNING] The resource http://localhost:3000/_next/static/chunks/%5Broot-of-the-server%5D__0n99re6._.css was preloaded using link preload but not used within a few seconds from the window's load event. Please make sure it has an appropriate `as` value and it is preloaded intentionally. @ http://localhost:3000/:0
[ 3247896ms] [WARNING] The resource http://localhost:3000/_next/static/chunks/%5Broot-of-the-server%5D__0n99re6._.css was preloaded using link preload but not used within a few seconds from the window's load event. Please make sure it has an appropriate `as` value and it is preloaded intentionally. @ http://localhost:3000/:0
[ 3251922ms] [WARNING] The resource http://localhost:3000/_next/static/chunks/%5Broot-of-the-server%5D__0n99re6._.css was preloaded using link preload but not used within a few seconds from the window's load event. Please make sure it has an appropriate `as` value and it is preloaded intentionally. @ http://localhost:3000/:0
[ 3255927ms] [WARNING] The resource http://localhost:3000/_next/static/chunks/%5Broot-of-the-server%5D__0n99re6._.css was preloaded using link preload but not used within a few seconds from the window's load event. Please make sure it has an appropriate `as` value and it is preloaded intentionally. @ http://localhost:3000/:0
[ 3259909ms] [WARNING] The resource http://localhost:3000/_next/static/chunks/%5Broot-of-the-server%5D__0n99re6._.css was preloaded using link preload but not used within a few seconds from the window's load event. Please make sure it has an appropriate `as` value and it is preloaded intentionally. @ http://localhost:3000/:0
[ 3263971ms] [WARNING] The resource http://localhost:3000/_next/static/chunks/%5Broot-of-the-server%5D__0n99re6._.css was preloaded using link preload but not used within a few seconds from the window's load event. Please make sure it has an appropriate `as` value and it is preloaded intentionally. @ http://localhost:3000/:0
[ 3267877ms] [WARNING] The resource http://localhost:3000/_next/static/chunks/%5Broot-of-the-server%5D__0n99re6._.css was preloaded using link preload but not used within a few seconds from the window's load event. Please make sure it has an appropriate `as` value and it is preloaded intentionally. @ http://localhost:3000/:0
[ 3271901ms] [WARNING] The resource http://localhost:3000/_next/static/chunks/%5Broot-of-the-server%5D__0n99re6._.css was preloaded using link preload but not used within a few seconds from the window's load event. Please make sure it has an appropriate `as` value and it is preloaded intentionally. @ http://localhost:3000/:0
[ 3276139ms] [WARNING] The resource http://localhost:3000/_next/static/chunks/%5Broot-of-the-server%5D__0n99re6._.css was preloaded using link preload but not used within a few seconds from the window's load event. Please make sure it has an appropriate `as` value and it is preloaded intentionally. @ http://localhost:3000/:0
[ 3279878ms] [WARNING] The resource http://localhost:3000/_next/static/chunks/%5Broot-of-the-server%5D__0n99re6._.css was preloaded using link preload but not used within a few seconds from the window's load event. Please make sure it has an appropriate `as` value and it is preloaded intentionally. @ http://localhost:3000/:0
[ 3283952ms] [WARNING] The resource http://localhost:3000/_next/static/chunks/%5Broot-of-the-server%5D__0n99re6._.css was preloaded using link preload but not used within a few seconds from the window's load event. Please make sure it has an appropriate `as` value and it is preloaded intentionally. @ http://localhost:3000/:0
[ 3287892ms] [WARNING] The resource http://localhost:3000/_next/static/chunks/%5Broot-of-the-server%5D__0n99re6._.css was preloaded using link preload but not used within a few seconds from the window's load event. Please make sure it has an appropriate `as` value and it is preloaded intentionally. @ http://localhost:3000/:0
[ 3291914ms] [WARNING] The resource http://localhost:3000/_next/static/chunks/%5Broot-of-the-server%5D__0n99re6._.css was preloaded using link preload but not used within a few seconds from the window's load event. Please make sure it has an appropriate `as` value and it is preloaded intentionally. @ http://localhost:3000/:0
[ 3295959ms] [WARNING] The resource http://localhost:3000/_next/static/chunks/%5Broot-of-the-server%5D__0n99re6._.css was preloaded using link preload but not used within a few seconds from the window's load event. Please make sure it has an appropriate `as` value and it is preloaded intentionally. @ http://localhost:3000/:0
[ 3299871ms] [WARNING] The resource http://localhost:3000/_next/static/chunks/%5Broot-of-the-server%5D__0n99re6._.css was preloaded using link preload but not used within a few seconds from the window's load event. Please make sure it has an appropriate `as` value and it is preloaded intentionally. @ http://localhost:3000/:0
[ 3303998ms] [WARNING] The resource http://localhost:3000/_next/static/chunks/%5Broot-of-the-server%5D__0n99re6._.css was preloaded using link preload but not used within a few seconds from the window's load event. Please make sure it has an appropriate `as` value and it is preloaded intentionally. @ http://localhost:3000/:0
[ 3308973ms] [WARNING] The resource http://localhost:3000/_next/static/chunks/%5Broot-of-the-server%5D__0n99re6._.css was preloaded using link preload but not used within a few seconds from the window's load event. Please make sure it has an appropriate `as` value and it is preloaded intentionally. @ http://localhost:3000/:0
[ 3312058ms] [WARNING] The resource http://localhost:3000/_next/static/chunks/%5Broot-of-the-server%5D__0n99re6._.css was preloaded using link preload but not used within a few seconds from the window's load event. Please make sure it has an appropriate `as` value and it is preloaded intentionally. @ http://localhost:3000/:0
[ 3315893ms] [WARNING] The resource http://localhost:3000/_next/static/chunks/%5Broot-of-the-server%5D__0n99re6._.css was preloaded using link preload but not used within a few seconds from the window's load event. Please make sure it has an appropriate `as` value and it is preloaded intentionally. @ http://localhost:3000/:0
[ 3319930ms] [WARNING] The resource http://localhost:3000/_next/static/chunks/%5Broot-of-the-server%5D__0n99re6._.css was preloaded using link preload but not used within a few seconds from the window's load event. Please make sure it has an appropriate `as` value and it is preloaded intentionally. @ http://localhost:3000/:0
[ 3324083ms] [WARNING] The resource http://localhost:3000/_next/static/chunks/%5Broot-of-the-server%5D__0n99re6._.css was preloaded using link preload but not used within a few seconds from the window's load event. Please make sure it has an appropriate `as` value and it is preloaded intentionally. @ http://localhost:3000/:0
[ 3328030ms] [WARNING] The resource http://localhost:3000/_next/static/chunks/%5Broot-of-the-server%5D__0n99re6._.css was preloaded using link preload but not used within a few seconds from the window's load event. Please make sure it has an appropriate `as` value and it is preloaded intentionally. @ http://localhost:3000/:0
[ 3331994ms] [WARNING] The resource http://localhost:3000/_next/static/chunks/%5Broot-of-the-server%5D__0n99re6._.css was preloaded using link preload but not used within a few seconds from the window's load event. Please make sure it has an appropriate `as` value and it is preloaded intentionally. @ http://localhost:3000/:0
[ 3336003ms] [WARNING] The resource http://localhost:3000/_next/static/chunks/%5Broot-of-the-server%5D__0n99re6._.css was preloaded using link preload but not used within a few seconds from the window's load event. Please make sure it has an appropriate `as` value and it is preloaded intentionally. @ http://localhost:3000/:0
[ 3340073ms] [WARNING] The resource http://localhost:3000/_next/static/chunks/%5Broot-of-the-server%5D__0n99re6._.css was preloaded using link preload but not used within a few seconds from the window's load event. Please make sure it has an appropriate `as` value and it is preloaded intentionally. @ http://localhost:3000/:0
[ 3343959ms] [WARNING] The resource http://localhost:3000/_next/static/chunks/%5Broot-of-the-server%5D__0n99re6._.css was preloaded using link preload but not used within a few seconds from the window's load event. Please make sure it has an appropriate `as` value and it is preloaded intentionally. @ http://localhost:3000/:0
[ 3347921ms] [WARNING] The resource http://localhost:3000/_next/static/chunks/%5Broot-of-the-server%5D__0n99re6._.css was preloaded using link preload but not used within a few seconds from the window's load event. Please make sure it has an appropriate `as` value and it is preloaded intentionally. @ http://localhost:3000/:0
[ 3351935ms] [WARNING] The resource http://localhost:3000/_next/static/chunks/%5Broot-of-the-server%5D__0n99re6._.css was preloaded using link preload but not used within a few seconds from the window's load event. Please make sure it has an appropriate `as` value and it is preloaded intentionally. @ http://localhost:3000/:0
[ 3355908ms] [WARNING] The resource http://localhost:3000/_next/static/chunks/%5Broot-of-the-server%5D__0n99re6._.css was preloaded using link preload but not used within a few seconds from the window's load event. Please make sure it has an appropriate `as` value and it is preloaded intentionally. @ http://localhost:3000/:0
[ 3360025ms] [WARNING] The resource http://localhost:3000/_next/static/chunks/%5Broot-of-the-server%5D__0n99re6._.css was preloaded using link preload but not used within a few seconds from the window's load event. Please make sure it has an appropriate `as` value and it is preloaded intentionally. @ http://localhost:3000/:0
[ 3363885ms] [WARNING] The resource http://localhost:3000/_next/static/chunks/%5Broot-of-the-server%5D__0n99re6._.css was preloaded using link preload but not used within a few seconds from the window's load event. Please make sure it has an appropriate `as` value and it is preloaded intentionally. @ http://localhost:3000/:0
[ 3367857ms] [WARNING] The resource http://localhost:3000/_next/static/chunks/%5Broot-of-the-server%5D__0n99re6._.css was preloaded using link preload but not used within a few seconds from the window's load event. Please make sure it has an appropriate `as` value and it is preloaded intentionally. @ http://localhost:3000/:0
[ 3371930ms] [WARNING] The resource http://localhost:3000/_next/static/chunks/%5Broot-of-the-server%5D__0n99re6._.css was preloaded using link preload but not used within a few seconds from the window's load event. Please make sure it has an appropriate `as` value and it is preloaded intentionally. @ http://localhost:3000/:0
[ 3375927ms] [WARNING] The resource http://localhost:3000/_next/static/chunks/%5Broot-of-the-server%5D__0n99re6._.css was preloaded using link preload but not used within a few seconds from the window's load event. Please make sure it has an appropriate `as` value and it is preloaded intentionally. @ http://localhost:3000/:0
[ 3379912ms] [WARNING] The resource http://localhost:3000/_next/static/chunks/%5Broot-of-the-server%5D__0n99re6._.css was preloaded using link preload but not used within a few seconds from the window's load event. Please make sure it has an appropriate `as` value and it is preloaded intentionally. @ http://localhost:3000/:0
[ 3384025ms] [WARNING] The resource http://localhost:3000/_next/static/chunks/%5Broot-of-the-server%5D__0n99re6._.css was preloaded using link preload but not used within a few seconds from the window's load event. Please make sure it has an appropriate `as` value and it is preloaded intentionally. @ http://localhost:3000/:0
[ 3387924ms] [WARNING] The resource http://localhost:3000/_next/static/chunks/%5Broot-of-the-server%5D__0n99re6._.css was preloaded using link preload but not used within a few seconds from the window's load event. Please make sure it has an appropriate `as` value and it is preloaded intentionally. @ http://localhost:3000/:0
[ 3391930ms] [WARNING] The resource http://localhost:3000/_next/static/chunks/%5Broot-of-the-server%5D__0n99re6._.css was preloaded using link preload but not used within a few seconds from the window's load event. Please make sure it has an appropriate `as` value and it is preloaded intentionally. @ http://localhost:3000/:0
[ 3395899ms] [WARNING] The resource http://localhost:3000/_next/static/chunks/%5Broot-of-the-server%5D__0n99re6._.css was preloaded using link preload but not used within a few seconds from the window's load event. Please make sure it has an appropriate `as` value and it is preloaded intentionally. @ http://localhost:3000/:0
[ 3399904ms] [WARNING] The resource http://localhost:3000/_next/static/chunks/%5Broot-of-the-server%5D__0n99re6._.css was preloaded using link preload but not used within a few seconds from the window's load event. Please make sure it has an appropriate `as` value and it is preloaded intentionally. @ http://localhost:3000/:0
[ 3404332ms] [WARNING] The resource http://localhost:3000/_next/static/chunks/%5Broot-of-the-server%5D__0n99re6._.css was preloaded using link preload but not used within a few seconds from the window's load event. Please make sure it has an appropriate `as` value and it is preloaded intentionally. @ http://localhost:3000/:0
[ 3407996ms] [WARNING] The resource http://localhost:3000/_next/static/chunks/%5Broot-of-the-server%5D__0n99re6._.css was preloaded using link preload but not used within a few seconds from the window's load event. Please make sure it has an appropriate `as` value and it is preloaded intentionally. @ http://localhost:3000/:0
[ 3411899ms] [WARNING] The resource http://localhost:3000/_next/static/chunks/%5Broot-of-the-server%5D__0n99re6._.css was preloaded using link preload but not used within a few seconds from the window's load event. Please make sure it has an appropriate `as` value and it is preloaded intentionally. @ http://localhost:3000/:0
[ 3415898ms] [WARNING] The resource http://localhost:3000/_next/static/chunks/%5Broot-of-the-server%5D__0n99re6._.css was preloaded using link preload but not used within a few seconds from the window's load event. Please make sure it has an appropriate `as` value and it is preloaded intentionally. @ http://localhost:3000/:0
[ 3419979ms] [WARNING] The resource http://localhost:3000/_next/static/chunks/%5Broot-of-the-server%5D__0n99re6._.css was preloaded using link preload but not used within a few seconds from the window's load event. Please make sure it has an appropriate `as` value and it is preloaded intentionally. @ http://localhost:3000/:0
[ 3423939ms] [WARNING] The resource http://localhost:3000/_next/static/chunks/%5Broot-of-the-server%5D__0n99re6._.css was preloaded using link preload but not used within a few seconds from the window's load event. Please make sure it has an appropriate `as` value and it is preloaded intentionally. @ http://localhost:3000/:0
[ 3427896ms] [WARNING] The resource http://localhost:3000/_next/static/chunks/%5Broot-of-the-server%5D__0n99re6._.css was preloaded using link preload but not used within a few seconds from the window's load event. Please make sure it has an appropriate `as` value and it is preloaded intentionally. @ http://localhost:3000/:0
[ 3431916ms] [WARNING] The resource http://localhost:3000/_next/static/chunks/%5Broot-of-the-server%5D__0n99re6._.css was preloaded using link preload but not used within a few seconds from the window's load event. Please make sure it has an appropriate `as` value and it is preloaded intentionally. @ http://localhost:3000/:0
[ 3435949ms] [WARNING] The resource http://localhost:3000/_next/static/chunks/%5Broot-of-the-server%5D__0n99re6._.css was preloaded using link preload but not used within a few seconds from the window's load event. Please make sure it has an appropriate `as` value and it is preloaded intentionally. @ http://localhost:3000/:0
[ 3440199ms] [WARNING] The resource http://localhost:3000/_next/static/chunks/%5Broot-of-the-server%5D__0n99re6._.css was preloaded using link preload but not used within a few seconds from the window's load event. Please make sure it has an appropriate `as` value and it is preloaded intentionally. @ http://localhost:3000/:0
[ 3444109ms] [WARNING] The resource http://localhost:3000/_next/static/chunks/%5Broot-of-the-server%5D__0n99re6._.css was preloaded using link preload but not used within a few seconds from the window's load event. Please make sure it has an appropriate `as` value and it is preloaded intentionally. @ http://localhost:3000/:0
[ 3447976ms] [WARNING] The resource http://localhost:3000/_next/static/chunks/%5Broot-of-the-server%5D__0n99re6._.css was preloaded using link preload but not used within a few seconds from the window's load event. Please make sure it has an appropriate `as` value and it is preloaded intentionally. @ http://localhost:3000/:0
[ 3452007ms] [WARNING] The resource http://localhost:3000/_next/static/chunks/%5Broot-of-the-server%5D__0n99re6._.css was preloaded using link preload but not used within a few seconds from the window's load event. Please make sure it has an appropriate `as` value and it is preloaded intentionally. @ http://localhost:3000/:0
[ 3456007ms] [WARNING] The resource http://localhost:3000/_next/static/chunks/%5Broot-of-the-server%5D__0n99re6._.css was preloaded using link preload but not used within a few seconds from the window's load event. Please make sure it has an appropriate `as` value and it is preloaded intentionally. @ http://localhost:3000/:0
[ 3459973ms] [WARNING] The resource http://localhost:3000/_next/static/chunks/%5Broot-of-the-server%5D__0n99re6._.css was preloaded using link preload but not used within a few seconds from the window's load event. Please make sure it has an appropriate `as` value and it is preloaded intentionally. @ http://localhost:3000/:0
[ 3463951ms] [WARNING] The resource http://localhost:3000/_next/static/chunks/%5Broot-of-the-server%5D__0n99re6._.css was preloaded using link preload but not used within a few seconds from the window's load event. Please make sure it has an appropriate `as` value and it is preloaded intentionally. @ http://localhost:3000/:0
[ 3467906ms] [WARNING] The resource http://localhost:3000/_next/static/chunks/%5Broot-of-the-server%5D__0n99re6._.css was preloaded using link preload but not used within a few seconds from the window's load event. Please make sure it has an appropriate `as` value and it is preloaded intentionally. @ http://localhost:3000/:0
[ 3471887ms] [WARNING] The resource http://localhost:3000/_next/static/chunks/%5Broot-of-the-server%5D__0n99re6._.css was preloaded using link preload but not used within a few seconds from the window's load event. Please make sure it has an appropriate `as` value and it is preloaded intentionally. @ http://localhost:3000/:0
[ 3475902ms] [WARNING] The resource http://localhost:3000/_next/static/chunks/%5Broot-of-the-server%5D__0n99re6._.css was preloaded using link preload but not used within a few seconds from the window's load event. Please make sure it has an appropriate `as` value and it is preloaded intentionally. @ http://localhost:3000/:0
[ 3479927ms] [WARNING] The resource http://localhost:3000/_next/static/chunks/%5Broot-of-the-server%5D__0n99re6._.css was preloaded using link preload but not used within a few seconds from the window's load event. Please make sure it has an appropriate `as` value and it is preloaded intentionally. @ http://localhost:3000/:0
[ 3483916ms] [WARNING] The resource http://localhost:3000/_next/static/chunks/%5Broot-of-the-server%5D__0n99re6._.css was preloaded using link preload but not used within a few seconds from the window's load event. Please make sure it has an appropriate `as` value and it is preloaded intentionally. @ http://localhost:3000/:0
[ 3488003ms] [WARNING] The resource http://localhost:3000/_next/static/chunks/%5Broot-of-the-server%5D__0n99re6._.css was preloaded using link preload but not used within a few seconds from the window's load event. Please make sure it has an appropriate `as` value and it is preloaded intentionally. @ http://localhost:3000/:0
[ 3491901ms] [WARNING] The resource http://localhost:3000/_next/static/chunks/%5Broot-of-the-server%5D__0n99re6._.css was preloaded using link preload but not used within a few seconds from the window's load event. Please make sure it has an appropriate `as` value and it is preloaded intentionally. @ http://localhost:3000/:0
[ 3495881ms] [WARNING] The resource http://localhost:3000/_next/static/chunks/%5Broot-of-the-server%5D__0n99re6._.css was preloaded using link preload but not used within a few seconds from the window's load event. Please make sure it has an appropriate `as` value and it is preloaded intentionally. @ http://localhost:3000/:0
[ 3499926ms] [WARNING] The resource http://localhost:3000/_next/static/chunks/%5Broot-of-the-server%5D__0n99re6._.css was preloaded using link preload but not used within a few seconds from the window's load event. Please make sure it has an appropriate `as` value and it is preloaded intentionally. @ http://localhost:3000/:0
[ 3504031ms] [WARNING] The resource http://localhost:3000/_next/static/chunks/%5Broot-of-the-server%5D__0n99re6._.css was preloaded using link preload but not used within a few seconds from the window's load event. Please make sure it has an appropriate `as` value and it is preloaded intentionally. @ http://localhost:3000/:0
[ 3507929ms] [WARNING] The resource http://localhost:3000/_next/static/chunks/%5Broot-of-the-server%5D__0n99re6._.css was preloaded using link preload but not used within a few seconds from the window's load event. Please make sure it has an appropriate `as` value and it is preloaded intentionally. @ http://localhost:3000/:0
[ 3511910ms] [WARNING] The resource http://localhost:3000/_next/static/chunks/%5Broot-of-the-server%5D__0n99re6._.css was preloaded using link preload but not used within a few seconds from the window's load event. Please make sure it has an appropriate `as` value and it is preloaded intentionally. @ http://localhost:3000/:0
[ 3516022ms] [WARNING] The resource http://localhost:3000/_next/static/chunks/%5Broot-of-the-server%5D__0n99re6._.css was preloaded using link preload but not used within a few seconds from the window's load event. Please make sure it has an appropriate `as` value and it is preloaded intentionally. @ http://localhost:3000/:0
[ 3519932ms] [WARNING] The resource http://localhost:3000/_next/static/chunks/%5Broot-of-the-server%5D__0n99re6._.css was preloaded using link preload but not used within a few seconds from the window's load event. Please make sure it has an appropriate `as` value and it is preloaded intentionally. @ http://localhost:3000/:0
[ 3523913ms] [WARNING] The resource http://localhost:3000/_next/static/chunks/%5Broot-of-the-server%5D__0n99re6._.css was preloaded using link preload but not used within a few seconds from the window's load event. Please make sure it has an appropriate `as` value and it is preloaded intentionally. @ http://localhost:3000/:0
[ 3527946ms] [WARNING] The resource http://localhost:3000/_next/static/chunks/%5Broot-of-the-server%5D__0n99re6._.css was preloaded using link preload but not used within a few seconds from the window's load event. Please make sure it has an appropriate `as` value and it is preloaded intentionally. @ http://localhost:3000/:0
[ 3532233ms] [WARNING] The resource http://localhost:3000/_next/static/chunks/%5Broot-of-the-server%5D__0n99re6._.css was preloaded using link preload but not used within a few seconds from the window's load event. Please make sure it has an appropriate `as` value and it is preloaded intentionally. @ http://localhost:3000/:0
[ 3536294ms] [WARNING] The resource http://localhost:3000/_next/static/chunks/%5Broot-of-the-server%5D__0n99re6._.css was preloaded using link preload but not used within a few seconds from the window's load event. Please make sure it has an appropriate `as` value and it is preloaded intentionally. @ http://localhost:3000/:0
[ 3539870ms] [WARNING] The resource http://localhost:3000/_next/static/chunks/%5Broot-of-the-server%5D__0n99re6._.css was preloaded using link preload but not used within a few seconds from the window's load event. Please make sure it has an appropriate `as` value and it is preloaded intentionally. @ http://localhost:3000/:0
[ 3543958ms] [WARNING] The resource http://localhost:3000/_next/static/chunks/%5Broot-of-the-server%5D__0n99re6._.css was preloaded using link preload but not used within a few seconds from the window's load event. Please make sure it has an appropriate `as` value and it is preloaded intentionally. @ http://localhost:3000/:0
[ 3547912ms] [WARNING] The resource http://localhost:3000/_next/static/chunks/%5Broot-of-the-server%5D__0n99re6._.css was preloaded using link preload but not used within a few seconds from the window's load event. Please make sure it has an appropriate `as` value and it is preloaded intentionally. @ http://localhost:3000/:0
[ 3551904ms] [WARNING] The resource http://localhost:3000/_next/static/chunks/%5Broot-of-the-server%5D__0n99re6._.css was preloaded using link preload but not used within a few seconds from the window's load event. Please make sure it has an appropriate `as` value and it is preloaded intentionally. @ http://localhost:3000/:0
[ 3555920ms] [WARNING] The resource http://localhost:3000/_next/static/chunks/%5Broot-of-the-server%5D__0n99re6._.css was preloaded using link preload but not used within a few seconds from the window's load event. Please make sure it has an appropriate `as` value and it is preloaded intentionally. @ http://localhost:3000/:0
[ 3559903ms] [WARNING] The resource http://localhost:3000/_next/static/chunks/%5Broot-of-the-server%5D__0n99re6._.css was preloaded using link preload but not used within a few seconds from the window's load event. Please make sure it has an appropriate `as` value and it is preloaded intentionally. @ http://localhost:3000/:0
[ 3563916ms] [WARNING] The resource http://localhost:3000/_next/static/chunks/%5Broot-of-the-server%5D__0n99re6._.css was preloaded using link preload but not used within a few seconds from the window's load event. Please make sure it has an appropriate `as` value and it is preloaded intentionally. @ http://localhost:3000/:0
[ 3567939ms] [WARNING] The resource http://localhost:3000/_next/static/chunks/%5Broot-of-the-server%5D__0n99re6._.css was preloaded using link preload but not used within a few seconds from the window's load event. Please make sure it has an appropriate `as` value and it is preloaded intentionally. @ http://localhost:3000/:0
[ 3571901ms] [WARNING] The resource http://localhost:3000/_next/static/chunks/%5Broot-of-the-server%5D__0n99re6._.css was preloaded using link preload but not used within a few seconds from the window's load event. Please make sure it has an appropriate `as` value and it is preloaded intentionally. @ http://localhost:3000/:0
[ 3575902ms] [WARNING] The resource http://localhost:3000/_next/static/chunks/%5Broot-of-the-server%5D__0n99re6._.css was preloaded using link preload but not used within a few seconds from the window's load event. Please make sure it has an appropriate `as` value and it is preloaded intentionally. @ http://localhost:3000/:0
[ 3580236ms] [WARNING] The resource http://localhost:3000/_next/static/chunks/%5Broot-of-the-server%5D__0n99re6._.css was preloaded using link preload but not used within a few seconds from the window's load event. Please make sure it has an appropriate `as` value and it is preloaded intentionally. @ http://localhost:3000/:0
[ 3583892ms] [WARNING] The resource http://localhost:3000/_next/static/chunks/%5Broot-of-the-server%5D__0n99re6._.css was preloaded using link preload but not used within a few seconds from the window's load event. Please make sure it has an appropriate `as` value and it is preloaded intentionally. @ http://localhost:3000/:0
[ 3587918ms] [WARNING] The resource http://localhost:3000/_next/static/chunks/%5Broot-of-the-server%5D__0n99re6._.css was preloaded using link preload but not used within a few seconds from the window's load event. Please make sure it has an appropriate `as` value and it is preloaded intentionally. @ http://localhost:3000/:0
[ 3591925ms] [WARNING] The resource http://localhost:3000/_next/static/chunks/%5Broot-of-the-server%5D__0n99re6._.css was preloaded using link preload but not used within a few seconds from the window's load event. Please make sure it has an appropriate `as` value and it is preloaded intentionally. @ http://localhost:3000/:0
[ 3596005ms] [WARNING] The resource http://localhost:3000/_next/static/chunks/%5Broot-of-the-server%5D__0n99re6._.css was preloaded using link preload but not used within a few seconds from the window's load event. Please make sure it has an appropriate `as` value and it is preloaded intentionally. @ http://localhost:3000/:0
[ 3599981ms] [WARNING] The resource http://localhost:3000/_next/static/chunks/%5Broot-of-the-server%5D__0n99re6._.css was preloaded using link preload but not used within a few seconds from the window's load event. Please make sure it has an appropriate `as` value and it is preloaded intentionally. @ http://localhost:3000/:0
[ 3603911ms] [WARNING] The resource http://localhost:3000/_next/static/chunks/%5Broot-of-the-server%5D__0n99re6._.css was preloaded using link preload but not used within a few seconds from the window's load event. Please make sure it has an appropriate `as` value and it is preloaded intentionally. @ http://localhost:3000/:0
[ 3607902ms] [WARNING] The resource http://localhost:3000/_next/static/chunks/%5Broot-of-the-server%5D__0n99re6._.css was preloaded using link preload but not used within a few seconds from the window's load event. Please make sure it has an appropriate `as` value and it is preloaded intentionally. @ http://localhost:3000/:0
[ 3612302ms] [WARNING] The resource http://localhost:3000/_next/static/chunks/%5Broot-of-the-server%5D__0n99re6._.css was preloaded using link preload but not used within a few seconds from the window's load event. Please make sure it has an appropriate `as` value and it is preloaded intentionally. @ http://localhost:3000/:0
[ 3615978ms] [WARNING] The resource http://localhost:3000/_next/static/chunks/%5Broot-of-the-server%5D__0n99re6._.css was preloaded using link preload but not used within a few seconds from the window's load event. Please make sure it has an appropriate `as` value and it is preloaded intentionally. @ http://localhost:3000/:0
[ 3619879ms] [WARNING] The resource http://localhost:3000/_next/static/chunks/%5Broot-of-the-server%5D__0n99re6._.css was preloaded using link preload but not used within a few seconds from the window's load event. Please make sure it has an appropriate `as` value and it is preloaded intentionally. @ http://localhost:3000/:0
[ 3623910ms] [WARNING] The resource http://localhost:3000/_next/static/chunks/%5Broot-of-the-server%5D__0n99re6._.css was preloaded using link preload but not used within a few seconds from the window's load event. Please make sure it has an appropriate `as` value and it is preloaded intentionally. @ http://localhost:3000/:0
[ 3627911ms] [WARNING] The resource http://localhost:3000/_next/static/chunks/%5Broot-of-the-server%5D__0n99re6._.css was preloaded using link preload but not used within a few seconds from the window's load event. Please make sure it has an appropriate `as` value and it is preloaded intentionally. @ http://localhost:3000/:0
[ 3631900ms] [WARNING] The resource http://localhost:3000/_next/static/chunks/%5Broot-of-the-server%5D__0n99re6._.css was preloaded using link preload but not used within a few seconds from the window's load event. Please make sure it has an appropriate `as` value and it is preloaded intentionally. @ http://localhost:3000/:0
[ 3635907ms] [WARNING] The resource http://localhost:3000/_next/static/chunks/%5Broot-of-the-server%5D__0n99re6._.css was preloaded using link preload but not used within a few seconds from the window's load event. Please make sure it has an appropriate `as` value and it is preloaded intentionally. @ http://localhost:3000/:0
[ 3639922ms] [WARNING] The resource http://localhost:3000/_next/static/chunks/%5Broot-of-the-server%5D__0n99re6._.css was preloaded using link preload but not used within a few seconds from the window's load event. Please make sure it has an appropriate `as` value and it is preloaded intentionally. @ http://localhost:3000/:0
[ 3643956ms] [WARNING] The resource http://localhost:3000/_next/static/chunks/%5Broot-of-the-server%5D__0n99re6._.css was preloaded using link preload but not used within a few seconds from the window's load event. Please make sure it has an appropriate `as` value and it is preloaded intentionally. @ http://localhost:3000/:0
[ 3647868ms] [WARNING] The resource http://localhost:3000/_next/static/chunks/%5Broot-of-the-server%5D__0n99re6._.css was preloaded using link preload but not used within a few seconds from the window's load event. Please make sure it has an appropriate `as` value and it is preloaded intentionally. @ http://localhost:3000/:0
[ 3651908ms] [WARNING] The resource http://localhost:3000/_next/static/chunks/%5Broot-of-the-server%5D__0n99re6._.css was preloaded using link preload but not used within a few seconds from the window's load event. Please make sure it has an appropriate `as` value and it is preloaded intentionally. @ http://localhost:3000/:0
[ 3655919ms] [WARNING] The resource http://localhost:3000/_next/static/chunks/%5Broot-of-the-server%5D__0n99re6._.css was preloaded using link preload but not used within a few seconds from the window's load event. Please make sure it has an appropriate `as` value and it is preloaded intentionally. @ http://localhost:3000/:0
[ 3660173ms] [WARNING] The resource http://localhost:3000/_next/static/chunks/%5Broot-of-the-server%5D__0n99re6._.css was preloaded using link preload but not used within a few seconds from the window's load event. Please make sure it has an appropriate `as` value and it is preloaded intentionally. @ http://localhost:3000/:0
[ 3663904ms] [WARNING] The resource http://localhost:3000/_next/static/chunks/%5Broot-of-the-server%5D__0n99re6._.css was preloaded using link preload but not used within a few seconds from the window's load event. Please make sure it has an appropriate `as` value and it is preloaded intentionally. @ http://localhost:3000/:0
[ 3667923ms] [WARNING] The resource http://localhost:3000/_next/static/chunks/%5Broot-of-the-server%5D__0n99re6._.css was preloaded using link preload but not used within a few seconds from the window's load event. Please make sure it has an appropriate `as` value and it is preloaded intentionally. @ http://localhost:3000/:0
[ 3671887ms] [WARNING] The resource http://localhost:3000/_next/static/chunks/%5Broot-of-the-server%5D__0n99re6._.css was preloaded using link preload but not used within a few seconds from the window's load event. Please make sure it has an appropriate `as` value and it is preloaded intentionally. @ http://localhost:3000/:0
[ 3675917ms] [WARNING] The resource http://localhost:3000/_next/static/chunks/%5Broot-of-the-server%5D__0n99re6._.css was preloaded using link preload but not used within a few seconds from the window's load event. Please make sure it has an appropriate `as` value and it is preloaded intentionally. @ http://localhost:3000/:0
[ 3679894ms] [WARNING] The resource http://localhost:3000/_next/static/chunks/%5Broot-of-the-server%5D__0n99re6._.css was preloaded using link preload but not used within a few seconds from the window's load event. Please make sure it has an appropriate `as` value and it is preloaded intentionally. @ http://localhost:3000/:0
[ 3683938ms] [WARNING] The resource http://localhost:3000/_next/static/chunks/%5Broot-of-the-server%5D__0n99re6._.css was preloaded using link preload but not used within a few seconds from the window's load event. Please make sure it has an appropriate `as` value and it is preloaded intentionally. @ http://localhost:3000/:0
[ 3687903ms] [WARNING] The resource http://localhost:3000/_next/static/chunks/%5Broot-of-the-server%5D__0n99re6._.css was preloaded using link preload but not used within a few seconds from the window's load event. Please make sure it has an appropriate `as` value and it is preloaded intentionally. @ http://localhost:3000/:0
[ 3692233ms] [WARNING] The resource http://localhost:3000/_next/static/chunks/%5Broot-of-the-server%5D__0n99re6._.css was preloaded using link preload but not used within a few seconds from the window's load event. Please make sure it has an appropriate `as` value and it is preloaded intentionally. @ http://localhost:3000/:0
[ 3695976ms] [WARNING] The resource http://localhost:3000/_next/static/chunks/%5Broot-of-the-server%5D__0n99re6._.css was preloaded using link preload but not used within a few seconds from the window's load event. Please make sure it has an appropriate `as` value and it is preloaded intentionally. @ http://localhost:3000/:0
[ 3699889ms] [WARNING] The resource http://localhost:3000/_next/static/chunks/%5Broot-of-the-server%5D__0n99re6._.css was preloaded using link preload but not used within a few seconds from the window's load event. Please make sure it has an appropriate `as` value and it is preloaded intentionally. @ http://localhost:3000/:0
[ 3703872ms] [WARNING] The resource http://localhost:3000/_next/static/chunks/%5Broot-of-the-server%5D__0n99re6._.css was preloaded using link preload but not used within a few seconds from the window's load event. Please make sure it has an appropriate `as` value and it is preloaded intentionally. @ http://localhost:3000/:0
[ 3707950ms] [WARNING] The resource http://localhost:3000/_next/static/chunks/%5Broot-of-the-server%5D__0n99re6._.css was preloaded using link preload but not used within a few seconds from the window's load event. Please make sure it has an appropriate `as` value and it is preloaded intentionally. @ http://localhost:3000/:0
[ 3711904ms] [WARNING] The resource http://localhost:3000/_next/static/chunks/%5Broot-of-the-server%5D__0n99re6._.css was preloaded using link preload but not used within a few seconds from the window's load event. Please make sure it has an appropriate `as` value and it is preloaded intentionally. @ http://localhost:3000/:0
[ 3715907ms] [WARNING] The resource http://localhost:3000/_next/static/chunks/%5Broot-of-the-server%5D__0n99re6._.css was preloaded using link preload but not used within a few seconds from the window's load event. Please make sure it has an appropriate `as` value and it is preloaded intentionally. @ http://localhost:3000/:0
[ 3719934ms] [WARNING] The resource http://localhost:3000/_next/static/chunks/%5Broot-of-the-server%5D__0n99re6._.css was preloaded using link preload but not used within a few seconds from the window's load event. Please make sure it has an appropriate `as` value and it is preloaded intentionally. @ http://localhost:3000/:0
[ 3723914ms] [WARNING] The resource http://localhost:3000/_next/static/chunks/%5Broot-of-the-server%5D__0n99re6._.css was preloaded using link preload but not used within a few seconds from the window's load event. Please make sure it has an appropriate `as` value and it is preloaded intentionally. @ http://localhost:3000/:0
[ 3728060ms] [WARNING] The resource http://localhost:3000/_next/static/chunks/%5Broot-of-the-server%5D__0n99re6._.css was preloaded using link preload but not used within a few seconds from the window's load event. Please make sure it has an appropriate `as` value and it is preloaded intentionally. @ http://localhost:3000/:0
[ 3731970ms] [WARNING] The resource http://localhost:3000/_next/static/chunks/%5Broot-of-the-server%5D__0n99re6._.css was preloaded using link preload but not used within a few seconds from the window's load event. Please make sure it has an appropriate `as` value and it is preloaded intentionally. @ http://localhost:3000/:0
[ 3735917ms] [WARNING] The resource http://localhost:3000/_next/static/chunks/%5Broot-of-the-server%5D__0n99re6._.css was preloaded using link preload but not used within a few seconds from the window's load event. Please make sure it has an appropriate `as` value and it is preloaded intentionally. @ http://localhost:3000/:0
[ 3739917ms] [WARNING] The resource http://localhost:3000/_next/static/chunks/%5Broot-of-the-server%5D__0n99re6._.css was preloaded using link preload but not used within a few seconds from the window's load event. Please make sure it has an appropriate `as` value and it is preloaded intentionally. @ http://localhost:3000/:0
[ 3743906ms] [WARNING] The resource http://localhost:3000/_next/static/chunks/%5Broot-of-the-server%5D__0n99re6._.css was preloaded using link preload but not used within a few seconds from the window's load event. Please make sure it has an appropriate `as` value and it is preloaded intentionally. @ http://localhost:3000/:0
[ 3747888ms] [WARNING] The resource http://localhost:3000/_next/static/chunks/%5Broot-of-the-server%5D__0n99re6._.css was preloaded using link preload but not used within a few seconds from the window's load event. Please make sure it has an appropriate `as` value and it is preloaded intentionally. @ http://localhost:3000/:0
[ 3751902ms] [WARNING] The resource http://localhost:3000/_next/static/chunks/%5Broot-of-the-server%5D__0n99re6._.css was preloaded using link preload but not used within a few seconds from the window's load event. Please make sure it has an appropriate `as` value and it is preloaded intentionally. @ http://localhost:3000/:0
[ 3755952ms] [WARNING] The resource http://localhost:3000/_next/static/chunks/%5Broot-of-the-server%5D__0n99re6._.css was preloaded using link preload but not used within a few seconds from the window's load event. Please make sure it has an appropriate `as` value and it is preloaded intentionally. @ http://localhost:3000/:0
[ 3759899ms] [WARNING] The resource http://localhost:3000/_next/static/chunks/%5Broot-of-the-server%5D__0n99re6._.css was preloaded using link preload but not used within a few seconds from the window's load event. Please make sure it has an appropriate `as` value and it is preloaded intentionally. @ http://localhost:3000/:0
[ 3763912ms] [WARNING] The resource http://localhost:3000/_next/static/chunks/%5Broot-of-the-server%5D__0n99re6._.css was preloaded using link preload but not used within a few seconds from the window's load event. Please make sure it has an appropriate `as` value and it is preloaded intentionally. @ http://localhost:3000/:0
[ 3767917ms] [WARNING] The resource http://localhost:3000/_next/static/chunks/%5Broot-of-the-server%5D__0n99re6._.css was preloaded using link preload but not used within a few seconds from the window's load event. Please make sure it has an appropriate `as` value and it is preloaded intentionally. @ http://localhost:3000/:0
[ 3772275ms] [WARNING] The resource http://localhost:3000/_next/static/chunks/%5Broot-of-the-server%5D__0n99re6._.css was preloaded using link preload but not used within a few seconds from the window's load event. Please make sure it has an appropriate `as` value and it is preloaded intentionally. @ http://localhost:3000/:0
[ 3776168ms] [WARNING] The resource http://localhost:3000/_next/static/chunks/%5Broot-of-the-server%5D__0n99re6._.css was preloaded using link preload but not used within a few seconds from the window's load event. Please make sure it has an appropriate `as` value and it is preloaded intentionally. @ http://localhost:3000/:0
[ 3779881ms] [WARNING] The resource http://localhost:3000/_next/static/chunks/%5Broot-of-the-server%5D__0n99re6._.css was preloaded using link preload but not used within a few seconds from the window's load event. Please make sure it has an appropriate `as` value and it is preloaded intentionally. @ http://localhost:3000/:0
[ 3783928ms] [WARNING] The resource http://localhost:3000/_next/static/chunks/%5Broot-of-the-server%5D__0n99re6._.css was preloaded using link preload but not used within a few seconds from the window's load event. Please make sure it has an appropriate `as` value and it is preloaded intentionally. @ http://localhost:3000/:0
[ 3787970ms] [WARNING] The resource http://localhost:3000/_next/static/chunks/%5Broot-of-the-server%5D__0n99re6._.css was preloaded using link preload but not used within a few seconds from the window's load event. Please make sure it has an appropriate `as` value and it is preloaded intentionally. @ http://localhost:3000/:0
[ 3791965ms] [WARNING] The resource http://localhost:3000/_next/static/chunks/%5Broot-of-the-server%5D__0n99re6._.css was preloaded using link preload but not used within a few seconds from the window's load event. Please make sure it has an appropriate `as` value and it is preloaded intentionally. @ http://localhost:3000/:0
[ 3795994ms] [WARNING] The resource http://localhost:3000/_next/static/chunks/%5Broot-of-the-server%5D__0n99re6._.css was preloaded using link preload but not used within a few seconds from the window's load event. Please make sure it has an appropriate `as` value and it is preloaded intentionally. @ http://localhost:3000/:0
[ 3799930ms] [WARNING] The resource http://localhost:3000/_next/static/chunks/%5Broot-of-the-server%5D__0n99re6._.css was preloaded using link preload but not used within a few seconds from the window's load event. Please make sure it has an appropriate `as` value and it is preloaded intentionally. @ http://localhost:3000/:0
[ 3803939ms] [WARNING] The resource http://localhost:3000/_next/static/chunks/%5Broot-of-the-server%5D__0n99re6._.css was preloaded using link preload but not used within a few seconds from the window's load event. Please make sure it has an appropriate `as` value and it is preloaded intentionally. @ http://localhost:3000/:0
[ 3808229ms] [WARNING] The resource http://localhost:3000/_next/static/chunks/%5Broot-of-the-server%5D__0n99re6._.css was preloaded using link preload but not used within a few seconds from the window's load event. Please make sure it has an appropriate `as` value and it is preloaded intentionally. @ http://localhost:3000/:0
[ 3811883ms] [WARNING] The resource http://localhost:3000/_next/static/chunks/%5Broot-of-the-server%5D__0n99re6._.css was preloaded using link preload but not used within a few seconds from the window's load event. Please make sure it has an appropriate `as` value and it is preloaded intentionally. @ http://localhost:3000/:0
[ 3815906ms] [WARNING] The resource http://localhost:3000/_next/static/chunks/%5Broot-of-the-server%5D__0n99re6._.css was preloaded using link preload but not used within a few seconds from the window's load event. Please make sure it has an appropriate `as` value and it is preloaded intentionally. @ http://localhost:3000/:0
[ 3819911ms] [WARNING] The resource http://localhost:3000/_next/static/chunks/%5Broot-of-the-server%5D__0n99re6._.css was preloaded using link preload but not used within a few seconds from the window's load event. Please make sure it has an appropriate `as` value and it is preloaded intentionally. @ http://localhost:3000/:0
[ 3823904ms] [WARNING] The resource http://localhost:3000/_next/static/chunks/%5Broot-of-the-server%5D__0n99re6._.css was preloaded using link preload but not used within a few seconds from the window's load event. Please make sure it has an appropriate `as` value and it is preloaded intentionally. @ http://localhost:3000/:0
[ 3827907ms] [WARNING] The resource http://localhost:3000/_next/static/chunks/%5Broot-of-the-server%5D__0n99re6._.css was preloaded using link preload but not used within a few seconds from the window's load event. Please make sure it has an appropriate `as` value and it is preloaded intentionally. @ http://localhost:3000/:0
[ 3831914ms] [WARNING] The resource http://localhost:3000/_next/static/chunks/%5Broot-of-the-server%5D__0n99re6._.css was preloaded using link preload but not used within a few seconds from the window's load event. Please make sure it has an appropriate `as` value and it is preloaded intentionally. @ http://localhost:3000/:0
[ 3835917ms] [WARNING] The resource http://localhost:3000/_next/static/chunks/%5Broot-of-the-server%5D__0n99re6._.css was preloaded using link preload but not used within a few seconds from the window's load event. Please make sure it has an appropriate `as` value and it is preloaded intentionally. @ http://localhost:3000/:0
[ 3839894ms] [WARNING] The resource http://localhost:3000/_next/static/chunks/%5Broot-of-the-server%5D__0n99re6._.css was preloaded using link preload but not used within a few seconds from the window's load event. Please make sure it has an appropriate `as` value and it is preloaded intentionally. @ http://localhost:3000/:0
[ 3843872ms] [WARNING] The resource http://localhost:3000/_next/static/chunks/%5Broot-of-the-server%5D__0n99re6._.css was preloaded using link preload but not used within a few seconds from the window's load event. Please make sure it has an appropriate `as` value and it is preloaded intentionally. @ http://localhost:3000/:0
[ 3847886ms] [WARNING] The resource http://localhost:3000/_next/static/chunks/%5Broot-of-the-server%5D__0n99re6._.css was preloaded using link preload but not used within a few seconds from the window's load event. Please make sure it has an appropriate `as` value and it is preloaded intentionally. @ http://localhost:3000/:0
[ 3852107ms] [WARNING] The resource http://localhost:3000/_next/static/chunks/%5Broot-of-the-server%5D__0n99re6._.css was preloaded using link preload but not used within a few seconds from the window's load event. Please make sure it has an appropriate `as` value and it is preloaded intentionally. @ http://localhost:3000/:0
[ 3856049ms] [WARNING] The resource http://localhost:3000/_next/static/chunks/%5Broot-of-the-server%5D__0n99re6._.css was preloaded using link preload but not used within a few seconds from the window's load event. Please make sure it has an appropriate `as` value and it is preloaded intentionally. @ http://localhost:3000/:0
[ 3859922ms] [WARNING] The resource http://localhost:3000/_next/static/chunks/%5Broot-of-the-server%5D__0n99re6._.css was preloaded using link preload but not used within a few seconds from the window's load event. Please make sure it has an appropriate `as` value and it is preloaded intentionally. @ http://localhost:3000/:0
[ 3863881ms] [WARNING] The resource http://localhost:3000/_next/static/chunks/%5Broot-of-the-server%5D__0n99re6._.css was preloaded using link preload but not used within a few seconds from the window's load event. Please make sure it has an appropriate `as` value and it is preloaded intentionally. @ http://localhost:3000/:0
[ 3867902ms] [WARNING] The resource http://localhost:3000/_next/static/chunks/%5Broot-of-the-server%5D__0n99re6._.css was preloaded using link preload but not used within a few seconds from the window's load event. Please make sure it has an appropriate `as` value and it is preloaded intentionally. @ http://localhost:3000/:0
[ 3871899ms] [WARNING] The resource http://localhost:3000/_next/static/chunks/%5Broot-of-the-server%5D__0n99re6._.css was preloaded using link preload but not used within a few seconds from the window's load event. Please make sure it has an appropriate `as` value and it is preloaded intentionally. @ http://localhost:3000/:0
[ 3875911ms] [WARNING] The resource http://localhost:3000/_next/static/chunks/%5Broot-of-the-server%5D__0n99re6._.css was preloaded using link preload but not used within a few seconds from the window's load event. Please make sure it has an appropriate `as` value and it is preloaded intentionally. @ http://localhost:3000/:0
[ 3879936ms] [WARNING] The resource http://localhost:3000/_next/static/chunks/%5Broot-of-the-server%5D__0n99re6._.css was preloaded using link preload but not used within a few seconds from the window's load event. Please make sure it has an appropriate `as` value and it is preloaded intentionally. @ http://localhost:3000/:0
[ 3884177ms] [WARNING] The resource http://localhost:3000/_next/static/chunks/%5Broot-of-the-server%5D__0n99re6._.css was preloaded using link preload but not used within a few seconds from the window's load event. Please make sure it has an appropriate `as` value and it is preloaded intentionally. @ http://localhost:3000/:0
[ 3887882ms] [WARNING] The resource http://localhost:3000/_next/static/chunks/%5Broot-of-the-server%5D__0n99re6._.css was preloaded using link preload but not used within a few seconds from the window's load event. Please make sure it has an appropriate `as` value and it is preloaded intentionally. @ http://localhost:3000/:0
[ 3891889ms] [WARNING] The resource http://localhost:3000/_next/static/chunks/%5Broot-of-the-server%5D__0n99re6._.css was preloaded using link preload but not used within a few seconds from the window's load event. Please make sure it has an appropriate `as` value and it is preloaded intentionally. @ http://localhost:3000/:0
[ 3895923ms] [WARNING] The resource http://localhost:3000/_next/static/chunks/%5Broot-of-the-server%5D__0n99re6._.css was preloaded using link preload but not used within a few seconds from the window's load event. Please make sure it has an appropriate `as` value and it is preloaded intentionally. @ http://localhost:3000/:0
[ 3899901ms] [WARNING] The resource http://localhost:3000/_next/static/chunks/%5Broot-of-the-server%5D__0n99re6._.css was preloaded using link preload but not used within a few seconds from the window's load event. Please make sure it has an appropriate `as` value and it is preloaded intentionally. @ http://localhost:3000/:0
[ 3903937ms] [WARNING] The resource http://localhost:3000/_next/static/chunks/%5Broot-of-the-server%5D__0n99re6._.css was preloaded using link preload but not used within a few seconds from the window's load event. Please make sure it has an appropriate `as` value and it is preloaded intentionally. @ http://localhost:3000/:0
[ 3907870ms] [WARNING] The resource http://localhost:3000/_next/static/chunks/%5Broot-of-the-server%5D__0n99re6._.css was preloaded using link preload but not used within a few seconds from the window's load event. Please make sure it has an appropriate `as` value and it is preloaded intentionally. @ http://localhost:3000/:0
[ 3911909ms] [WARNING] The resource http://localhost:3000/_next/static/chunks/%5Broot-of-the-server%5D__0n99re6._.css was preloaded using link preload but not used within a few seconds from the window's load event. Please make sure it has an appropriate `as` value and it is preloaded intentionally. @ http://localhost:3000/:0
[ 3915905ms] [WARNING] The resource http://localhost:3000/_next/static/chunks/%5Broot-of-the-server%5D__0n99re6._.css was preloaded using link preload but not used within a few seconds from the window's load event. Please make sure it has an appropriate `as` value and it is preloaded intentionally. @ http://localhost:3000/:0
[ 3919911ms] [WARNING] The resource http://localhost:3000/_next/static/chunks/%5Broot-of-the-server%5D__0n99re6._.css was preloaded using link preload but not used within a few seconds from the window's load event. Please make sure it has an appropriate `as` value and it is preloaded intentionally. @ http://localhost:3000/:0
[ 3923901ms] [WARNING] The resource http://localhost:3000/_next/static/chunks/%5Broot-of-the-server%5D__0n99re6._.css was preloaded using link preload but not used within a few seconds from the window's load event. Please make sure it has an appropriate `as` value and it is preloaded intentionally. @ http://localhost:3000/:0
[ 3927873ms] [WARNING] The resource http://localhost:3000/_next/static/chunks/%5Broot-of-the-server%5D__0n99re6._.css was preloaded using link preload but not used within a few seconds from the window's load event. Please make sure it has an appropriate `as` value and it is preloaded intentionally. @ http://localhost:3000/:0
[ 3932184ms] [WARNING] The resource http://localhost:3000/_next/static/chunks/%5Broot-of-the-server%5D__0n99re6._.css was preloaded using link preload but not used within a few seconds from the window's load event. Please make sure it has an appropriate `as` value and it is preloaded intentionally. @ http://localhost:3000/:0
[ 3935904ms] [WARNING] The resource http://localhost:3000/_next/static/chunks/%5Broot-of-the-server%5D__0n99re6._.css was preloaded using link preload but not used within a few seconds from the window's load event. Please make sure it has an appropriate `as` value and it is preloaded intentionally. @ http://localhost:3000/:0
[ 3939874ms] [WARNING] The resource http://localhost:3000/_next/static/chunks/%5Broot-of-the-server%5D__0n99re6._.css was preloaded using link preload but not used within a few seconds from the window's load event. Please make sure it has an appropriate `as` value and it is preloaded intentionally. @ http://localhost:3000/:0
[ 3943881ms] [WARNING] The resource http://localhost:3000/_next/static/chunks/%5Broot-of-the-server%5D__0n99re6._.css was preloaded using link preload but not used within a few seconds from the window's load event. Please make sure it has an appropriate `as` value and it is preloaded intentionally. @ http://localhost:3000/:0
[ 3947908ms] [WARNING] The resource http://localhost:3000/_next/static/chunks/%5Broot-of-the-server%5D__0n99re6._.css was preloaded using link preload but not used within a few seconds from the window's load event. Please make sure it has an appropriate `as` value and it is preloaded intentionally. @ http://localhost:3000/:0
[ 3951870ms] [WARNING] The resource http://localhost:3000/_next/static/chunks/%5Broot-of-the-server%5D__0n99re6._.css was preloaded using link preload but not used within a few seconds from the window's load event. Please make sure it has an appropriate `as` value and it is preloaded intentionally. @ http://localhost:3000/:0
[ 3955949ms] [WARNING] The resource http://localhost:3000/_next/static/chunks/%5Broot-of-the-server%5D__0n99re6._.css was preloaded using link preload but not used within a few seconds from the window's load event. Please make sure it has an appropriate `as` value and it is preloaded intentionally. @ http://localhost:3000/:0
[ 3959905ms] [WARNING] The resource http://localhost:3000/_next/static/chunks/%5Broot-of-the-server%5D__0n99re6._.css was preloaded using link preload but not used within a few seconds from the window's load event. Please make sure it has an appropriate `as` value and it is preloaded intentionally. @ http://localhost:3000/:0
[ 3964226ms] [WARNING] The resource http://localhost:3000/_next/static/chunks/%5Broot-of-the-server%5D__0n99re6._.css was preloaded using link preload but not used within a few seconds from the window's load event. Please make sure it has an appropriate `as` value and it is preloaded intentionally. @ http://localhost:3000/:0
[ 3967965ms] [WARNING] The resource http://localhost:3000/_next/static/chunks/%5Broot-of-the-server%5D__0n99re6._.css was preloaded using link preload but not used within a few seconds from the window's load event. Please make sure it has an appropriate `as` value and it is preloaded intentionally. @ http://localhost:3000/:0
[ 3971887ms] [WARNING] The resource http://localhost:3000/_next/static/chunks/%5Broot-of-the-server%5D__0n99re6._.css was preloaded using link preload but not used within a few seconds from the window's load event. Please make sure it has an appropriate `as` value and it is preloaded intentionally. @ http://localhost:3000/:0
[ 3975882ms] [WARNING] The resource http://localhost:3000/_next/static/chunks/%5Broot-of-the-server%5D__0n99re6._.css was preloaded using link preload but not used within a few seconds from the window's load event. Please make sure it has an appropriate `as` value and it is preloaded intentionally. @ http://localhost:3000/:0
[ 3979891ms] [WARNING] The resource http://localhost:3000/_next/static/chunks/%5Broot-of-the-server%5D__0n99re6._.css was preloaded using link preload but not used within a few seconds from the window's load event. Please make sure it has an appropriate `as` value and it is preloaded intentionally. @ http://localhost:3000/:0
[ 3984014ms] [WARNING] The resource http://localhost:3000/_next/static/chunks/%5Broot-of-the-server%5D__0n99re6._.css was preloaded using link preload but not used within a few seconds from the window's load event. Please make sure it has an appropriate `as` value and it is preloaded intentionally. @ http://localhost:3000/:0
[ 3987895ms] [WARNING] The resource http://localhost:3000/_next/static/chunks/%5Broot-of-the-server%5D__0n99re6._.css was preloaded using link preload but not used within a few seconds from the window's load event. Please make sure it has an appropriate `as` value and it is preloaded intentionally. @ http://localhost:3000/:0
[ 3991881ms] [WARNING] The resource http://localhost:3000/_next/static/chunks/%5Broot-of-the-server%5D__0n99re6._.css was preloaded using link preload but not used within a few seconds from the window's load event. Please make sure it has an appropriate `as` value and it is preloaded intentionally. @ http://localhost:3000/:0
[ 3996035ms] [WARNING] The resource http://localhost:3000/_next/static/chunks/%5Broot-of-the-server%5D__0n99re6._.css was preloaded using link preload but not used within a few seconds from the window's load event. Please make sure it has an appropriate `as` value and it is preloaded intentionally. @ http://localhost:3000/:0
[ 4000006ms] [WARNING] The resource http://localhost:3000/_next/static/chunks/%5Broot-of-the-server%5D__0n99re6._.css was preloaded using link preload but not used within a few seconds from the window's load event. Please make sure it has an appropriate `as` value and it is preloaded intentionally. @ http://localhost:3000/:0
[ 4003872ms] [WARNING] The resource http://localhost:3000/_next/static/chunks/%5Broot-of-the-server%5D__0n99re6._.css was preloaded using link preload but not used within a few seconds from the window's load event. Please make sure it has an appropriate `as` value and it is preloaded intentionally. @ http://localhost:3000/:0
[ 4007910ms] [WARNING] The resource http://localhost:3000/_next/static/chunks/%5Broot-of-the-server%5D__0n99re6._.css was preloaded using link preload but not used within a few seconds from the window's load event. Please make sure it has an appropriate `as` value and it is preloaded intentionally. @ http://localhost:3000/:0
[ 4011879ms] [WARNING] The resource http://localhost:3000/_next/static/chunks/%5Broot-of-the-server%5D__0n99re6._.css was preloaded using link preload but not used within a few seconds from the window's load event. Please make sure it has an appropriate `as` value and it is preloaded intentionally. @ http://localhost:3000/:0
[ 4015935ms] [WARNING] The resource http://localhost:3000/_next/static/chunks/%5Broot-of-the-server%5D__0n99re6._.css was preloaded using link preload but not used within a few seconds from the window's load event. Please make sure it has an appropriate `as` value and it is preloaded intentionally. @ http://localhost:3000/:0
[ 4019911ms] [WARNING] The resource http://localhost:3000/_next/static/chunks/%5Broot-of-the-server%5D__0n99re6._.css was preloaded using link preload but not used within a few seconds from the window's load event. Please make sure it has an appropriate `as` value and it is preloaded intentionally. @ http://localhost:3000/:0
[ 4023948ms] [WARNING] The resource http://localhost:3000/_next/static/chunks/%5Broot-of-the-server%5D__0n99re6._.css was preloaded using link preload but not used within a few seconds from the window's load event. Please make sure it has an appropriate `as` value and it is preloaded intentionally. @ http://localhost:3000/:0
[ 4027891ms] [WARNING] The resource http://localhost:3000/_next/static/chunks/%5Broot-of-the-server%5D__0n99re6._.css was preloaded using link preload but not used within a few seconds from the window's load event. Please make sure it has an appropriate `as` value and it is preloaded intentionally. @ http://localhost:3000/:0
[ 4031909ms] [WARNING] The resource http://localhost:3000/_next/static/chunks/%5Broot-of-the-server%5D__0n99re6._.css was preloaded using link preload but not used within a few seconds from the window's load event. Please make sure it has an appropriate `as` value and it is preloaded intentionally. @ http://localhost:3000/:0
[ 4035924ms] [WARNING] The resource http://localhost:3000/_next/static/chunks/%5Broot-of-the-server%5D__0n99re6._.css was preloaded using link preload but not used within a few seconds from the window's load event. Please make sure it has an appropriate `as` value and it is preloaded intentionally. @ http://localhost:3000/:0
[ 4039907ms] [WARNING] The resource http://localhost:3000/_next/static/chunks/%5Broot-of-the-server%5D__0n99re6._.css was preloaded using link preload but not used within a few seconds from the window's load event. Please make sure it has an appropriate `as` value and it is preloaded intentionally. @ http://localhost:3000/:0
[ 4044250ms] [WARNING] The resource http://localhost:3000/_next/static/chunks/%5Broot-of-the-server%5D__0n99re6._.css was preloaded using link preload but not used within a few seconds from the window's load event. Please make sure it has an appropriate `as` value and it is preloaded intentionally. @ http://localhost:3000/:0
[ 4047920ms] [WARNING] The resource http://localhost:3000/_next/static/chunks/%5Broot-of-the-server%5D__0n99re6._.css was preloaded using link preload but not used within a few seconds from the window's load event. Please make sure it has an appropriate `as` value and it is preloaded intentionally. @ http://localhost:3000/:0
[ 4051941ms] [WARNING] The resource http://localhost:3000/_next/static/chunks/%5Broot-of-the-server%5D__0n99re6._.css was preloaded using link preload but not used within a few seconds from the window's load event. Please make sure it has an appropriate `as` value and it is preloaded intentionally. @ http://localhost:3000/:0
[ 4056022ms] [WARNING] The resource http://localhost:3000/_next/static/chunks/%5Broot-of-the-server%5D__0n99re6._.css was preloaded using link preload but not used within a few seconds from the window's load event. Please make sure it has an appropriate `as` value and it is preloaded intentionally. @ http://localhost:3000/:0
[ 4059958ms] [WARNING] The resource http://localhost:3000/_next/static/chunks/%5Broot-of-the-server%5D__0n99re6._.css was preloaded using link preload but not used within a few seconds from the window's load event. Please make sure it has an appropriate `as` value and it is preloaded intentionally. @ http://localhost:3000/:0
[ 4063991ms] [WARNING] The resource http://localhost:3000/_next/static/chunks/%5Broot-of-the-server%5D__0n99re6._.css was preloaded using link preload but not used within a few seconds from the window's load event. Please make sure it has an appropriate `as` value and it is preloaded intentionally. @ http://localhost:3000/:0
[ 4067886ms] [WARNING] The resource http://localhost:3000/_next/static/chunks/%5Broot-of-the-server%5D__0n99re6._.css was preloaded using link preload but not used within a few seconds from the window's load event. Please make sure it has an appropriate `as` value and it is preloaded intentionally. @ http://localhost:3000/:0
[ 4071879ms] [WARNING] The resource http://localhost:3000/_next/static/chunks/%5Broot-of-the-server%5D__0n99re6._.css was preloaded using link preload but not used within a few seconds from the window's load event. Please make sure it has an appropriate `as` value and it is preloaded intentionally. @ http://localhost:3000/:0
[ 4076317ms] [WARNING] The resource http://localhost:3000/_next/static/chunks/%5Broot-of-the-server%5D__0n99re6._.css was preloaded using link preload but not used within a few seconds from the window's load event. Please make sure it has an appropriate `as` value and it is preloaded intentionally. @ http://localhost:3000/:0
[ 4079990ms] [WARNING] The resource http://localhost:3000/_next/static/chunks/%5Broot-of-the-server%5D__0n99re6._.css was preloaded using link preload but not used within a few seconds from the window's load event. Please make sure it has an appropriate `as` value and it is preloaded intentionally. @ http://localhost:3000/:0
[ 4083924ms] [WARNING] The resource http://localhost:3000/_next/static/chunks/%5Broot-of-the-server%5D__0n99re6._.css was preloaded using link preload but not used within a few seconds from the window's load event. Please make sure it has an appropriate `as` value and it is preloaded intentionally. @ http://localhost:3000/:0
[ 4087926ms] [WARNING] The resource http://localhost:3000/_next/static/chunks/%5Broot-of-the-server%5D__0n99re6._.css was preloaded using link preload but not used within a few seconds from the window's load event. Please make sure it has an appropriate `as` value and it is preloaded intentionally. @ http://localhost:3000/:0
[ 4091913ms] [WARNING] The resource http://localhost:3000/_next/static/chunks/%5Broot-of-the-server%5D__0n99re6._.css was preloaded using link preload but not used within a few seconds from the window's load event. Please make sure it has an appropriate `as` value and it is preloaded intentionally. @ http://localhost:3000/:0
[ 4095974ms] [WARNING] The resource http://localhost:3000/_next/static/chunks/%5Broot-of-the-server%5D__0n99re6._.css was preloaded using link preload but not used within a few seconds from the window's load event. Please make sure it has an appropriate `as` value and it is preloaded intentionally. @ http://localhost:3000/:0
[ 4099923ms] [WARNING] The resource http://localhost:3000/_next/static/chunks/%5Broot-of-the-server%5D__0n99re6._.css was preloaded using link preload but not used within a few seconds from the window's load event. Please make sure it has an appropriate `as` value and it is preloaded intentionally. @ http://localhost:3000/:0
[ 4103991ms] [WARNING] The resource http://localhost:3000/_next/static/chunks/%5Broot-of-the-server%5D__0n99re6._.css was preloaded using link preload but not used within a few seconds from the window's load event. Please make sure it has an appropriate `as` value and it is preloaded intentionally. @ http://localhost:3000/:0
[ 4107964ms] [WARNING] The resource http://localhost:3000/_next/static/chunks/%5Broot-of-the-server%5D__0n99re6._.css was preloaded using link preload but not used within a few seconds from the window's load event. Please make sure it has an appropriate `as` value and it is preloaded intentionally. @ http://localhost:3000/:0
[ 4112113ms] [WARNING] The resource http://localhost:3000/_next/static/chunks/%5Broot-of-the-server%5D__0n99re6._.css was preloaded using link preload but not used within a few seconds from the window's load event. Please make sure it has an appropriate `as` value and it is preloaded intentionally. @ http://localhost:3000/:0
[ 4115937ms] [WARNING] The resource http://localhost:3000/_next/static/chunks/%5Broot-of-the-server%5D__0n99re6._.css was preloaded using link preload but not used within a few seconds from the window's load event. Please make sure it has an appropriate `as` value and it is preloaded intentionally. @ http://localhost:3000/:0
[ 4119877ms] [WARNING] The resource http://localhost:3000/_next/static/chunks/%5Broot-of-the-server%5D__0n99re6._.css was preloaded using link preload but not used within a few seconds from the window's load event. Please make sure it has an appropriate `as` value and it is preloaded intentionally. @ http://localhost:3000/:0
[ 4124014ms] [WARNING] The resource http://localhost:3000/_next/static/chunks/%5Broot-of-the-server%5D__0n99re6._.css was preloaded using link preload but not used within a few seconds from the window's load event. Please make sure it has an appropriate `as` value and it is preloaded intentionally. @ http://localhost:3000/:0
[ 4127926ms] [WARNING] The resource http://localhost:3000/_next/static/chunks/%5Broot-of-the-server%5D__0n99re6._.css was preloaded using link preload but not used within a few seconds from the window's load event. Please make sure it has an appropriate `as` value and it is preloaded intentionally. @ http://localhost:3000/:0
[ 4131915ms] [WARNING] The resource http://localhost:3000/_next/static/chunks/%5Broot-of-the-server%5D__0n99re6._.css was preloaded using link preload but not used within a few seconds from the window's load event. Please make sure it has an appropriate `as` value and it is preloaded intentionally. @ http://localhost:3000/:0
[ 4136040ms] [WARNING] The resource http://localhost:3000/_next/static/chunks/%5Broot-of-the-server%5D__0n99re6._.css was preloaded using link preload but not used within a few seconds from the window's load event. Please make sure it has an appropriate `as` value and it is preloaded intentionally. @ http://localhost:3000/:0
[ 4139887ms] [WARNING] The resource http://localhost:3000/_next/static/chunks/%5Broot-of-the-server%5D__0n99re6._.css was preloaded using link preload but not used within a few seconds from the window's load event. Please make sure it has an appropriate `as` value and it is preloaded intentionally. @ http://localhost:3000/:0
[ 4143921ms] [WARNING] The resource http://localhost:3000/_next/static/chunks/%5Broot-of-the-server%5D__0n99re6._.css was preloaded using link preload but not used within a few seconds from the window's load event. Please make sure it has an appropriate `as` value and it is preloaded intentionally. @ http://localhost:3000/:0
[ 4147936ms] [WARNING] The resource http://localhost:3000/_next/static/chunks/%5Broot-of-the-server%5D__0n99re6._.css was preloaded using link preload but not used within a few seconds from the window's load event. Please make sure it has an appropriate `as` value and it is preloaded intentionally. @ http://localhost:3000/:0
[ 4151871ms] [WARNING] The resource http://localhost:3000/_next/static/chunks/%5Broot-of-the-server%5D__0n99re6._.css was preloaded using link preload but not used within a few seconds from the window's load event. Please make sure it has an appropriate `as` value and it is preloaded intentionally. @ http://localhost:3000/:0
[ 4156369ms] [WARNING] The resource http://localhost:3000/_next/static/chunks/%5Broot-of-the-server%5D__0n99re6._.css was preloaded using link preload but not used within a few seconds from the window's load event. Please make sure it has an appropriate `as` value and it is preloaded intentionally. @ http://localhost:3000/:0
[ 4159923ms] [WARNING] The resource http://localhost:3000/_next/static/chunks/%5Broot-of-the-server%5D__0n99re6._.css was preloaded using link preload but not used within a few seconds from the window's load event. Please make sure it has an appropriate `as` value and it is preloaded intentionally. @ http://localhost:3000/:0
[ 4163980ms] [WARNING] The resource http://localhost:3000/_next/static/chunks/%5Broot-of-the-server%5D__0n99re6._.css was preloaded using link preload but not used within a few seconds from the window's load event. Please make sure it has an appropriate `as` value and it is preloaded intentionally. @ http://localhost:3000/:0
[ 4167976ms] [WARNING] The resource http://localhost:3000/_next/static/chunks/%5Broot-of-the-server%5D__0n99re6._.css was preloaded using link preload but not used within a few seconds from the window's load event. Please make sure it has an appropriate `as` value and it is preloaded intentionally. @ http://localhost:3000/:0
[ 4171935ms] [WARNING] The resource http://localhost:3000/_next/static/chunks/%5Broot-of-the-server%5D__0n99re6._.css was preloaded using link preload but not used within a few seconds from the window's load event. Please make sure it has an appropriate `as` value and it is preloaded intentionally. @ http://localhost:3000/:0
[ 4176014ms] [WARNING] The resource http://localhost:3000/_next/static/chunks/%5Broot-of-the-server%5D__0n99re6._.css was preloaded using link preload but not used within a few seconds from the window's load event. Please make sure it has an appropriate `as` value and it is preloaded intentionally. @ http://localhost:3000/:0
[ 4179940ms] [WARNING] The resource http://localhost:3000/_next/static/chunks/%5Broot-of-the-server%5D__0n99re6._.css was preloaded using link preload but not used within a few seconds from the window's load event. Please make sure it has an appropriate `as` value and it is preloaded intentionally. @ http://localhost:3000/:0
[ 4183940ms] [WARNING] The resource http://localhost:3000/_next/static/chunks/%5Broot-of-the-server%5D__0n99re6._.css was preloaded using link preload but not used within a few seconds from the window's load event. Please make sure it has an appropriate `as` value and it is preloaded intentionally. @ http://localhost:3000/:0
[ 4187959ms] [WARNING] The resource http://localhost:3000/_next/static/chunks/%5Broot-of-the-server%5D__0n99re6._.css was preloaded using link preload but not used within a few seconds from the window's load event. Please make sure it has an appropriate `as` value and it is preloaded intentionally. @ http://localhost:3000/:0
[ 4191961ms] [WARNING] The resource http://localhost:3000/_next/static/chunks/%5Broot-of-the-server%5D__0n99re6._.css was preloaded using link preload but not used within a few seconds from the window's load event. Please make sure it has an appropriate `as` value and it is preloaded intentionally. @ http://localhost:3000/:0
[ 4195969ms] [WARNING] The resource http://localhost:3000/_next/static/chunks/%5Broot-of-the-server%5D__0n99re6._.css was preloaded using link preload but not used within a few seconds from the window's load event. Please make sure it has an appropriate `as` value and it is preloaded intentionally. @ http://localhost:3000/:0
[ 4199967ms] [WARNING] The resource http://localhost:3000/_next/static/chunks/%5Broot-of-the-server%5D__0n99re6._.css was preloaded using link preload but not used within a few seconds from the window's load event. Please make sure it has an appropriate `as` value and it is preloaded intentionally. @ http://localhost:3000/:0
[ 4204580ms] [WARNING] The resource http://localhost:3000/_next/static/chunks/%5Broot-of-the-server%5D__0n99re6._.css was preloaded using link preload but not used within a few seconds from the window's load event. Please make sure it has an appropriate `as` value and it is preloaded intentionally. @ http://localhost:3000/:0
[ 4207942ms] [WARNING] The resource http://localhost:3000/_next/static/chunks/%5Broot-of-the-server%5D__0n99re6._.css was preloaded using link preload but not used within a few seconds from the window's load event. Please make sure it has an appropriate `as` value and it is preloaded intentionally. @ http://localhost:3000/:0
[ 4211922ms] [WARNING] The resource http://localhost:3000/_next/static/chunks/%5Broot-of-the-server%5D__0n99re6._.css was preloaded using link preload but not used within a few seconds from the window's load event. Please make sure it has an appropriate `as` value and it is preloaded intentionally. @ http://localhost:3000/:0
[ 4215901ms] [WARNING] The resource http://localhost:3000/_next/static/chunks/%5Broot-of-the-server%5D__0n99re6._.css was preloaded using link preload but not used within a few seconds from the window's load event. Please make sure it has an appropriate `as` value and it is preloaded intentionally. @ http://localhost:3000/:0
[ 4219906ms] [WARNING] The resource http://localhost:3000/_next/static/chunks/%5Broot-of-the-server%5D__0n99re6._.css was preloaded using link preload but not used within a few seconds from the window's load event. Please make sure it has an appropriate `as` value and it is preloaded intentionally. @ http://localhost:3000/:0
[ 4223949ms] [WARNING] The resource http://localhost:3000/_next/static/chunks/%5Broot-of-the-server%5D__0n99re6._.css was preloaded using link preload but not used within a few seconds from the window's load event. Please make sure it has an appropriate `as` value and it is preloaded intentionally. @ http://localhost:3000/:0
[ 4227891ms] [WARNING] The resource http://localhost:3000/_next/static/chunks/%5Broot-of-the-server%5D__0n99re6._.css was preloaded using link preload but not used within a few seconds from the window's load event. Please make sure it has an appropriate `as` value and it is preloaded intentionally. @ http://localhost:3000/:0
[ 4231966ms] [WARNING] The resource http://localhost:3000/_next/static/chunks/%5Broot-of-the-server%5D__0n99re6._.css was preloaded using link preload but not used within a few seconds from the window's load event. Please make sure it has an appropriate `as` value and it is preloaded intentionally. @ http://localhost:3000/:0
[ 4236019ms] [WARNING] The resource http://localhost:3000/_next/static/chunks/%5Broot-of-the-server%5D__0n99re6._.css was preloaded using link preload but not used within a few seconds from the window's load event. Please make sure it has an appropriate `as` value and it is preloaded intentionally. @ http://localhost:3000/:0
[ 4240052ms] [WARNING] The resource http://localhost:3000/_next/static/chunks/%5Broot-of-the-server%5D__0n99re6._.css was preloaded using link preload but not used within a few seconds from the window's load event. Please make sure it has an appropriate `as` value and it is preloaded intentionally. @ http://localhost:3000/:0
[ 4243942ms] [WARNING] The resource http://localhost:3000/_next/static/chunks/%5Broot-of-the-server%5D__0n99re6._.css was preloaded using link preload but not used within a few seconds from the window's load event. Please make sure it has an appropriate `as` value and it is preloaded intentionally. @ http://localhost:3000/:0
[ 4247898ms] [WARNING] The resource http://localhost:3000/_next/static/chunks/%5Broot-of-the-server%5D__0n99re6._.css was preloaded using link preload but not used within a few seconds from the window's load event. Please make sure it has an appropriate `as` value and it is preloaded intentionally. @ http://localhost:3000/:0
[ 4251931ms] [WARNING] The resource http://localhost:3000/_next/static/chunks/%5Broot-of-the-server%5D__0n99re6._.css was preloaded using link preload but not used within a few seconds from the window's load event. Please make sure it has an appropriate `as` value and it is preloaded intentionally. @ http://localhost:3000/:0
[ 4255909ms] [WARNING] The resource http://localhost:3000/_next/static/chunks/%5Broot-of-the-server%5D__0n99re6._.css was preloaded using link preload but not used within a few seconds from the window's load event. Please make sure it has an appropriate `as` value and it is preloaded intentionally. @ http://localhost:3000/:0
[ 4259922ms] [WARNING] The resource http://localhost:3000/_next/static/chunks/%5Broot-of-the-server%5D__0n99re6._.css was preloaded using link preload but not used within a few seconds from the window's load event. Please make sure it has an appropriate `as` value and it is preloaded intentionally. @ http://localhost:3000/:0
[ 4263900ms] [WARNING] The resource http://localhost:3000/_next/static/chunks/%5Broot-of-the-server%5D__0n99re6._.css was preloaded using link preload but not used within a few seconds from the window's load event. Please make sure it has an appropriate `as` value and it is preloaded intentionally. @ http://localhost:3000/:0
[ 4267963ms] [WARNING] The resource http://localhost:3000/_next/static/chunks/%5Broot-of-the-server%5D__0n99re6._.css was preloaded using link preload but not used within a few seconds from the window's load event. Please make sure it has an appropriate `as` value and it is preloaded intentionally. @ http://localhost:3000/:0
[ 4271905ms] [WARNING] The resource http://localhost:3000/_next/static/chunks/%5Broot-of-the-server%5D__0n99re6._.css was preloaded using link preload but not used within a few seconds from the window's load event. Please make sure it has an appropriate `as` value and it is preloaded intentionally. @ http://localhost:3000/:0
[ 4275933ms] [WARNING] The resource http://localhost:3000/_next/static/chunks/%5Broot-of-the-server%5D__0n99re6._.css was preloaded using link preload but not used within a few seconds from the window's load event. Please make sure it has an appropriate `as` value and it is preloaded intentionally. @ http://localhost:3000/:0
[ 4279883ms] [WARNING] The resource http://localhost:3000/_next/static/chunks/%5Broot-of-the-server%5D__0n99re6._.css was preloaded using link preload but not used within a few seconds from the window's load event. Please make sure it has an appropriate `as` value and it is preloaded intentionally. @ http://localhost:3000/:0
[ 4284287ms] [WARNING] The resource http://localhost:3000/_next/static/chunks/%5Broot-of-the-server%5D__0n99re6._.css was preloaded using link preload but not used within a few seconds from the window's load event. Please make sure it has an appropriate `as` value and it is preloaded intentionally. @ http://localhost:3000/:0
[ 4288026ms] [WARNING] The resource http://localhost:3000/_next/static/chunks/%5Broot-of-the-server%5D__0n99re6._.css was preloaded using link preload but not used within a few seconds from the window's load event. Please make sure it has an appropriate `as` value and it is preloaded intentionally. @ http://localhost:3000/:0
[ 4291894ms] [WARNING] The resource http://localhost:3000/_next/static/chunks/%5Broot-of-the-server%5D__0n99re6._.css was preloaded using link preload but not used within a few seconds from the window's load event. Please make sure it has an appropriate `as` value and it is preloaded intentionally. @ http://localhost:3000/:0
[ 4295979ms] [WARNING] The resource http://localhost:3000/_next/static/chunks/%5Broot-of-the-server%5D__0n99re6._.css was preloaded using link preload but not used within a few seconds from the window's load event. Please make sure it has an appropriate `as` value and it is preloaded intentionally. @ http://localhost:3000/:0
[ 4299886ms] [WARNING] The resource http://localhost:3000/_next/static/chunks/%5Broot-of-the-server%5D__0n99re6._.css was preloaded using link preload but not used within a few seconds from the window's load event. Please make sure it has an appropriate `as` value and it is preloaded intentionally. @ http://localhost:3000/:0
[ 4304019ms] [WARNING] The resource http://localhost:3000/_next/static/chunks/%5Broot-of-the-server%5D__0n99re6._.css was preloaded using link preload but not used within a few seconds from the window's load event. Please make sure it has an appropriate `as` value and it is preloaded intentionally. @ http://localhost:3000/:0
[ 4307952ms] [WARNING] The resource http://localhost:3000/_next/static/chunks/%5Broot-of-the-server%5D__0n99re6._.css was preloaded using link preload but not used within a few seconds from the window's load event. Please make sure it has an appropriate `as` value and it is preloaded intentionally. @ http://localhost:3000/:0
[ 4311920ms] [WARNING] The resource http://localhost:3000/_next/static/chunks/%5Broot-of-the-server%5D__0n99re6._.css was preloaded using link preload but not used within a few seconds from the window's load event. Please make sure it has an appropriate `as` value and it is preloaded intentionally. @ http://localhost:3000/:0
[ 4316043ms] [WARNING] The resource http://localhost:3000/_next/static/chunks/%5Broot-of-the-server%5D__0n99re6._.css was preloaded using link preload but not used within a few seconds from the window's load event. Please make sure it has an appropriate `as` value and it is preloaded intentionally. @ http://localhost:3000/:0
[ 4320098ms] [WARNING] The resource http://localhost:3000/_next/static/chunks/%5Broot-of-the-server%5D__0n99re6._.css was preloaded using link preload but not used within a few seconds from the window's load event. Please make sure it has an appropriate `as` value and it is preloaded intentionally. @ http://localhost:3000/:0
[ 4323929ms] [WARNING] The resource http://localhost:3000/_next/static/chunks/%5Broot-of-the-server%5D__0n99re6._.css was preloaded using link preload but not used within a few seconds from the window's load event. Please make sure it has an appropriate `as` value and it is preloaded intentionally. @ http://localhost:3000/:0
[ 4327900ms] [WARNING] The resource http://localhost:3000/_next/static/chunks/%5Broot-of-the-server%5D__0n99re6._.css was preloaded using link preload but not used within a few seconds from the window's load event. Please make sure it has an appropriate `as` value and it is preloaded intentionally. @ http://localhost:3000/:0
[ 4331916ms] [WARNING] The resource http://localhost:3000/_next/static/chunks/%5Broot-of-the-server%5D__0n99re6._.css was preloaded using link preload but not used within a few seconds from the window's load event. Please make sure it has an appropriate `as` value and it is preloaded intentionally. @ http://localhost:3000/:0
[ 4335923ms] [WARNING] The resource http://localhost:3000/_next/static/chunks/%5Broot-of-the-server%5D__0n99re6._.css was preloaded using link preload but not used within a few seconds from the window's load event. Please make sure it has an appropriate `as` value and it is preloaded intentionally. @ http://localhost:3000/:0
[ 4339988ms] [WARNING] The resource http://localhost:3000/_next/static/chunks/%5Broot-of-the-server%5D__0n99re6._.css was preloaded using link preload but not used within a few seconds from the window's load event. Please make sure it has an appropriate `as` value and it is preloaded intentionally. @ http://localhost:3000/:0
[ 4343944ms] [WARNING] The resource http://localhost:3000/_next/static/chunks/%5Broot-of-the-server%5D__0n99re6._.css was preloaded using link preload but not used within a few seconds from the window's load event. Please make sure it has an appropriate `as` value and it is preloaded intentionally. @ http://localhost:3000/:0
[ 4347946ms] [WARNING] The resource http://localhost:3000/_next/static/chunks/%5Broot-of-the-server%5D__0n99re6._.css was preloaded using link preload but not used within a few seconds from the window's load event. Please make sure it has an appropriate `as` value and it is preloaded intentionally. @ http://localhost:3000/:0
[ 4351938ms] [WARNING] The resource http://localhost:3000/_next/static/chunks/%5Broot-of-the-server%5D__0n99re6._.css was preloaded using link preload but not used within a few seconds from the window's load event. Please make sure it has an appropriate `as` value and it is preloaded intentionally. @ http://localhost:3000/:0
[ 4355909ms] [WARNING] The resource http://localhost:3000/_next/static/chunks/%5Broot-of-the-server%5D__0n99re6._.css was preloaded using link preload but not used within a few seconds from the window's load event. Please make sure it has an appropriate `as` value and it is preloaded intentionally. @ http://localhost:3000/:0
[ 4359988ms] [WARNING] The resource http://localhost:3000/_next/static/chunks/%5Broot-of-the-server%5D__0n99re6._.css was preloaded using link preload but not used within a few seconds from the window's load event. Please make sure it has an appropriate `as` value and it is preloaded intentionally. @ http://localhost:3000/:0
[ 4364542ms] [WARNING] The resource http://localhost:3000/_next/static/chunks/%5Broot-of-the-server%5D__0n99re6._.css was preloaded using link preload but not used within a few seconds from the window's load event. Please make sure it has an appropriate `as` value and it is preloaded intentionally. @ http://localhost:3000/:0
[ 4368021ms] [WARNING] The resource http://localhost:3000/_next/static/chunks/%5Broot-of-the-server%5D__0n99re6._.css was preloaded using link preload but not used within a few seconds from the window's load event. Please make sure it has an appropriate `as` value and it is preloaded intentionally. @ http://localhost:3000/:0
[ 4371899ms] [WARNING] The resource http://localhost:3000/_next/static/chunks/%5Broot-of-the-server%5D__0n99re6._.css was preloaded using link preload but not used within a few seconds from the window's load event. Please make sure it has an appropriate `as` value and it is preloaded intentionally. @ http://localhost:3000/:0
[ 4375919ms] [WARNING] The resource http://localhost:3000/_next/static/chunks/%5Broot-of-the-server%5D__0n99re6._.css was preloaded using link preload but not used within a few seconds from the window's load event. Please make sure it has an appropriate `as` value and it is preloaded intentionally. @ http://localhost:3000/:0
[ 4380071ms] [WARNING] The resource http://localhost:3000/_next/static/chunks/%5Broot-of-the-server%5D__0n99re6._.css was preloaded using link preload but not used within a few seconds from the window's load event. Please make sure it has an appropriate `as` value and it is preloaded intentionally. @ http://localhost:3000/:0
[ 4383923ms] [WARNING] The resource http://localhost:3000/_next/static/chunks/%5Broot-of-the-server%5D__0n99re6._.css was preloaded using link preload but not used within a few seconds from the window's load event. Please make sure it has an appropriate `as` value and it is preloaded intentionally. @ http://localhost:3000/:0
[ 4387906ms] [WARNING] The resource http://localhost:3000/_next/static/chunks/%5Broot-of-the-server%5D__0n99re6._.css was preloaded using link preload but not used within a few seconds from the window's load event. Please make sure it has an appropriate `as` value and it is preloaded intentionally. @ http://localhost:3000/:0
[ 4391875ms] [WARNING] The resource http://localhost:3000/_next/static/chunks/%5Broot-of-the-server%5D__0n99re6._.css was preloaded using link preload but not used within a few seconds from the window's load event. Please make sure it has an appropriate `as` value and it is preloaded intentionally. @ http://localhost:3000/:0
[ 4395917ms] [WARNING] The resource http://localhost:3000/_next/static/chunks/%5Broot-of-the-server%5D__0n99re6._.css was preloaded using link preload but not used within a few seconds from the window's load event. Please make sure it has an appropriate `as` value and it is preloaded intentionally. @ http://localhost:3000/:0
[ 4399880ms] [WARNING] The resource http://localhost:3000/_next/static/chunks/%5Broot-of-the-server%5D__0n99re6._.css was preloaded using link preload but not used within a few seconds from the window's load event. Please make sure it has an appropriate `as` value and it is preloaded intentionally. @ http://localhost:3000/:0
[ 4403933ms] [WARNING] The resource http://localhost:3000/_next/static/chunks/%5Broot-of-the-server%5D__0n99re6._.css was preloaded using link preload but not used within a few seconds from the window's load event. Please make sure it has an appropriate `as` value and it is preloaded intentionally. @ http://localhost:3000/:0
[ 4407905ms] [WARNING] The resource http://localhost:3000/_next/static/chunks/%5Broot-of-the-server%5D__0n99re6._.css was preloaded using link preload but not used within a few seconds from the window's load event. Please make sure it has an appropriate `as` value and it is preloaded intentionally. @ http://localhost:3000/:0
[ 4412379ms] [WARNING] The resource http://localhost:3000/_next/static/chunks/%5Broot-of-the-server%5D__0n99re6._.css was preloaded using link preload but not used within a few seconds from the window's load event. Please make sure it has an appropriate `as` value and it is preloaded intentionally. @ http://localhost:3000/:0
[ 4415965ms] [WARNING] The resource http://localhost:3000/_next/static/chunks/%5Broot-of-the-server%5D__0n99re6._.css was preloaded using link preload but not used within a few seconds from the window's load event. Please make sure it has an appropriate `as` value and it is preloaded intentionally. @ http://localhost:3000/:0
[ 4419889ms] [WARNING] The resource http://localhost:3000/_next/static/chunks/%5Broot-of-the-server%5D__0n99re6._.css was preloaded using link preload but not used within a few seconds from the window's load event. Please make sure it has an appropriate `as` value and it is preloaded intentionally. @ http://localhost:3000/:0
[ 4423894ms] [WARNING] The resource http://localhost:3000/_next/static/chunks/%5Broot-of-the-server%5D__0n99re6._.css was preloaded using link preload but not used within a few seconds from the window's load event. Please make sure it has an appropriate `as` value and it is preloaded intentionally. @ http://localhost:3000/:0
[ 4427918ms] [WARNING] The resource http://localhost:3000/_next/static/chunks/%5Broot-of-the-server%5D__0n99re6._.css was preloaded using link preload but not used within a few seconds from the window's load event. Please make sure it has an appropriate `as` value and it is preloaded intentionally. @ http://localhost:3000/:0
[ 4431890ms] [WARNING] The resource http://localhost:3000/_next/static/chunks/%5Broot-of-the-server%5D__0n99re6._.css was preloaded using link preload but not used within a few seconds from the window's load event. Please make sure it has an appropriate `as` value and it is preloaded intentionally. @ http://localhost:3000/:0
[ 4435947ms] [WARNING] The resource http://localhost:3000/_next/static/chunks/%5Broot-of-the-server%5D__0n99re6._.css was preloaded using link preload but not used within a few seconds from the window's load event. Please make sure it has an appropriate `as` value and it is preloaded intentionally. @ http://localhost:3000/:0
[ 4439929ms] [WARNING] The resource http://localhost:3000/_next/static/chunks/%5Broot-of-the-server%5D__0n99re6._.css was preloaded using link preload but not used within a few seconds from the window's load event. Please make sure it has an appropriate `as` value and it is preloaded intentionally. @ http://localhost:3000/:0
[ 4444369ms] [WARNING] The resource http://localhost:3000/_next/static/chunks/%5Broot-of-the-server%5D__0n99re6._.css was preloaded using link preload but not used within a few seconds from the window's load event. Please make sure it has an appropriate `as` value and it is preloaded intentionally. @ http://localhost:3000/:0
[ 4448013ms] [WARNING] The resource http://localhost:3000/_next/static/chunks/%5Broot-of-the-server%5D__0n99re6._.css was preloaded using link preload but not used within a few seconds from the window's load event. Please make sure it has an appropriate `as` value and it is preloaded intentionally. @ http://localhost:3000/:0
[ 4451878ms] [WARNING] The resource http://localhost:3000/_next/static/chunks/%5Broot-of-the-server%5D__0n99re6._.css was preloaded using link preload but not used within a few seconds from the window's load event. Please make sure it has an appropriate `as` value and it is preloaded intentionally. @ http://localhost:3000/:0
[ 4455909ms] [WARNING] The resource http://localhost:3000/_next/static/chunks/%5Broot-of-the-server%5D__0n99re6._.css was preloaded using link preload but not used within a few seconds from the window's load event. Please make sure it has an appropriate `as` value and it is preloaded intentionally. @ http://localhost:3000/:0
[ 4459915ms] [WARNING] The resource http://localhost:3000/_next/static/chunks/%5Broot-of-the-server%5D__0n99re6._.css was preloaded using link preload but not used within a few seconds from the window's load event. Please make sure it has an appropriate `as` value and it is preloaded intentionally. @ http://localhost:3000/:0
[ 4463918ms] [WARNING] The resource http://localhost:3000/_next/static/chunks/%5Broot-of-the-server%5D__0n99re6._.css was preloaded using link preload but not used within a few seconds from the window's load event. Please make sure it has an appropriate `as` value and it is preloaded intentionally. @ http://localhost:3000/:0
[ 4467901ms] [WARNING] The resource http://localhost:3000/_next/static/chunks/%5Broot-of-the-server%5D__0n99re6._.css was preloaded using link preload but not used within a few seconds from the window's load event. Please make sure it has an appropriate `as` value and it is preloaded intentionally. @ http://localhost:3000/:0
[ 4471898ms] [WARNING] The resource http://localhost:3000/_next/static/chunks/%5Broot-of-the-server%5D__0n99re6._.css was preloaded using link preload but not used within a few seconds from the window's load event. Please make sure it has an appropriate `as` value and it is preloaded intentionally. @ http://localhost:3000/:0
[ 4475954ms] [WARNING] The resource http://localhost:3000/_next/static/chunks/%5Broot-of-the-server%5D__0n99re6._.css was preloaded using link preload but not used within a few seconds from the window's load event. Please make sure it has an appropriate `as` value and it is preloaded intentionally. @ http://localhost:3000/:0
[ 4479929ms] [WARNING] The resource http://localhost:3000/_next/static/chunks/%5Broot-of-the-server%5D__0n99re6._.css was preloaded using link preload but not used within a few seconds from the window's load event. Please make sure it has an appropriate `as` value and it is preloaded intentionally. @ http://localhost:3000/:0
[ 4483935ms] [WARNING] The resource http://localhost:3000/_next/static/chunks/%5Broot-of-the-server%5D__0n99re6._.css was preloaded using link preload but not used within a few seconds from the window's load event. Please make sure it has an appropriate `as` value and it is preloaded intentionally. @ http://localhost:3000/:0
[ 4487884ms] [WARNING] The resource http://localhost:3000/_next/static/chunks/%5Broot-of-the-server%5D__0n99re6._.css was preloaded using link preload but not used within a few seconds from the window's load event. Please make sure it has an appropriate `as` value and it is preloaded intentionally. @ http://localhost:3000/:0
[ 4491907ms] [WARNING] The resource http://localhost:3000/_next/static/chunks/%5Broot-of-the-server%5D__0n99re6._.css was preloaded using link preload but not used within a few seconds from the window's load event. Please make sure it has an appropriate `as` value and it is preloaded intentionally. @ http://localhost:3000/:0
[ 4495895ms] [WARNING] The resource http://localhost:3000/_next/static/chunks/%5Broot-of-the-server%5D__0n99re6._.css was preloaded using link preload but not used within a few seconds from the window's load event. Please make sure it has an appropriate `as` value and it is preloaded intentionally. @ http://localhost:3000/:0
[ 4499872ms] [WARNING] The resource http://localhost:3000/_next/static/chunks/%5Broot-of-the-server%5D__0n99re6._.css was preloaded using link preload but not used within a few seconds from the window's load event. Please make sure it has an appropriate `as` value and it is preloaded intentionally. @ http://localhost:3000/:0
[ 4503961ms] [WARNING] The resource http://localhost:3000/_next/static/chunks/%5Broot-of-the-server%5D__0n99re6._.css was preloaded using link preload but not used within a few seconds from the window's load event. Please make sure it has an appropriate `as` value and it is preloaded intentionally. @ http://localhost:3000/:0
[ 4507932ms] [WARNING] The resource http://localhost:3000/_next/static/chunks/%5Broot-of-the-server%5D__0n99re6._.css was preloaded using link preload but not used within a few seconds from the window's load event. Please make sure it has an appropriate `as` value and it is preloaded intentionally. @ http://localhost:3000/:0
[ 4511924ms] [WARNING] The resource http://localhost:3000/_next/static/chunks/%5Broot-of-the-server%5D__0n99re6._.css was preloaded using link preload but not used within a few seconds from the window's load event. Please make sure it has an appropriate `as` value and it is preloaded intentionally. @ http://localhost:3000/:0
[ 4515966ms] [WARNING] The resource http://localhost:3000/_next/static/chunks/%5Broot-of-the-server%5D__0n99re6._.css was preloaded using link preload but not used within a few seconds from the window's load event. Please make sure it has an appropriate `as` value and it is preloaded intentionally. @ http://localhost:3000/:0
[ 4519869ms] [WARNING] The resource http://localhost:3000/_next/static/chunks/%5Broot-of-the-server%5D__0n99re6._.css was preloaded using link preload but not used within a few seconds from the window's load event. Please make sure it has an appropriate `as` value and it is preloaded intentionally. @ http://localhost:3000/:0
[ 4523897ms] [WARNING] The resource http://localhost:3000/_next/static/chunks/%5Broot-of-the-server%5D__0n99re6._.css was preloaded using link preload but not used within a few seconds from the window's load event. Please make sure it has an appropriate `as` value and it is preloaded intentionally. @ http://localhost:3000/:0
[ 4527992ms] [WARNING] The resource http://localhost:3000/_next/static/chunks/%5Broot-of-the-server%5D__0n99re6._.css was preloaded using link preload but not used within a few seconds from the window's load event. Please make sure it has an appropriate `as` value and it is preloaded intentionally. @ http://localhost:3000/:0
[ 4531867ms] [WARNING] The resource http://localhost:3000/_next/static/chunks/%5Broot-of-the-server%5D__0n99re6._.css was preloaded using link preload but not used within a few seconds from the window's load event. Please make sure it has an appropriate `as` value and it is preloaded intentionally. @ http://localhost:3000/:0
[ 4535892ms] [WARNING] The resource http://localhost:3000/_next/static/chunks/%5Broot-of-the-server%5D__0n99re6._.css was preloaded using link preload but not used within a few seconds from the window's load event. Please make sure it has an appropriate `as` value and it is preloaded intentionally. @ http://localhost:3000/:0
[ 4539884ms] [WARNING] The resource http://localhost:3000/_next/static/chunks/%5Broot-of-the-server%5D__0n99re6._.css was preloaded using link preload but not used within a few seconds from the window's load event. Please make sure it has an appropriate `as` value and it is preloaded intentionally. @ http://localhost:3000/:0
[ 4543951ms] [WARNING] The resource http://localhost:3000/_next/static/chunks/%5Broot-of-the-server%5D__0n99re6._.css was preloaded using link preload but not used within a few seconds from the window's load event. Please make sure it has an appropriate `as` value and it is preloaded intentionally. @ http://localhost:3000/:0
[ 4547925ms] [WARNING] The resource http://localhost:3000/_next/static/chunks/%5Broot-of-the-server%5D__0n99re6._.css was preloaded using link preload but not used within a few seconds from the window's load event. Please make sure it has an appropriate `as` value and it is preloaded intentionally. @ http://localhost:3000/:0
[ 4551958ms] [WARNING] The resource http://localhost:3000/_next/static/chunks/%5Broot-of-the-server%5D__0n99re6._.css was preloaded using link preload but not used within a few seconds from the window's load event. Please make sure it has an appropriate `as` value and it is preloaded intentionally. @ http://localhost:3000/:0
[ 4555937ms] [WARNING] The resource http://localhost:3000/_next/static/chunks/%5Broot-of-the-server%5D__0n99re6._.css was preloaded using link preload but not used within a few seconds from the window's load event. Please make sure it has an appropriate `as` value and it is preloaded intentionally. @ http://localhost:3000/:0
[ 4559974ms] [WARNING] The resource http://localhost:3000/_next/static/chunks/%5Broot-of-the-server%5D__0n99re6._.css was preloaded using link preload but not used within a few seconds from the window's load event. Please make sure it has an appropriate `as` value and it is preloaded intentionally. @ http://localhost:3000/:0
[ 4563918ms] [WARNING] The resource http://localhost:3000/_next/static/chunks/%5Broot-of-the-server%5D__0n99re6._.css was preloaded using link preload but not used within a few seconds from the window's load event. Please make sure it has an appropriate `as` value and it is preloaded intentionally. @ http://localhost:3000/:0
[ 4567872ms] [WARNING] The resource http://localhost:3000/_next/static/chunks/%5Broot-of-the-server%5D__0n99re6._.css was preloaded using link preload but not used within a few seconds from the window's load event. Please make sure it has an appropriate `as` value and it is preloaded intentionally. @ http://localhost:3000/:0
[ 4571912ms] [WARNING] The resource http://localhost:3000/_next/static/chunks/%5Broot-of-the-server%5D__0n99re6._.css was preloaded using link preload but not used within a few seconds from the window's load event. Please make sure it has an appropriate `as` value and it is preloaded intentionally. @ http://localhost:3000/:0
[ 4575935ms] [WARNING] The resource http://localhost:3000/_next/static/chunks/%5Broot-of-the-server%5D__0n99re6._.css was preloaded using link preload but not used within a few seconds from the window's load event. Please make sure it has an appropriate `as` value and it is preloaded intentionally. @ http://localhost:3000/:0
[ 4579898ms] [WARNING] The resource http://localhost:3000/_next/static/chunks/%5Broot-of-the-server%5D__0n99re6._.css was preloaded using link preload but not used within a few seconds from the window's load event. Please make sure it has an appropriate `as` value and it is preloaded intentionally. @ http://localhost:3000/:0
[ 4584000ms] [WARNING] The resource http://localhost:3000/_next/static/chunks/%5Broot-of-the-server%5D__0n99re6._.css was preloaded using link preload but not used within a few seconds from the window's load event. Please make sure it has an appropriate `as` value and it is preloaded intentionally. @ http://localhost:3000/:0
[ 4587955ms] [WARNING] The resource http://localhost:3000/_next/static/chunks/%5Broot-of-the-server%5D__0n99re6._.css was preloaded using link preload but not used within a few seconds from the window's load event. Please make sure it has an appropriate `as` value and it is preloaded intentionally. @ http://localhost:3000/:0
[ 4591925ms] [WARNING] The resource http://localhost:3000/_next/static/chunks/%5Broot-of-the-server%5D__0n99re6._.css was preloaded using link preload but not used within a few seconds from the window's load event. Please make sure it has an appropriate `as` value and it is preloaded intentionally. @ http://localhost:3000/:0
[ 4595913ms] [WARNING] The resource http://localhost:3000/_next/static/chunks/%5Broot-of-the-server%5D__0n99re6._.css was preloaded using link preload but not used within a few seconds from the window's load event. Please make sure it has an appropriate `as` value and it is preloaded intentionally. @ http://localhost:3000/:0
[ 4599887ms] [WARNING] The resource http://localhost:3000/_next/static/chunks/%5Broot-of-the-server%5D__0n99re6._.css was preloaded using link preload but not used within a few seconds from the window's load event. Please make sure it has an appropriate `as` value and it is preloaded intentionally. @ http://localhost:3000/:0
[ 4604237ms] [WARNING] The resource http://localhost:3000/_next/static/chunks/%5Broot-of-the-server%5D__0n99re6._.css was preloaded using link preload but not used within a few seconds from the window's load event. Please make sure it has an appropriate `as` value and it is preloaded intentionally. @ http://localhost:3000/:0
[ 4607880ms] [WARNING] The resource http://localhost:3000/_next/static/chunks/%5Broot-of-the-server%5D__0n99re6._.css was preloaded using link preload but not used within a few seconds from the window's load event. Please make sure it has an appropriate `as` value and it is preloaded intentionally. @ http://localhost:3000/:0
[ 4611943ms] [WARNING] The resource http://localhost:3000/_next/static/chunks/%5Broot-of-the-server%5D__0n99re6._.css was preloaded using link preload but not used within a few seconds from the window's load event. Please make sure it has an appropriate `as` value and it is preloaded intentionally. @ http://localhost:3000/:0
[ 4615985ms] [WARNING] The resource http://localhost:3000/_next/static/chunks/%5Broot-of-the-server%5D__0n99re6._.css was preloaded using link preload but not used within a few seconds from the window's load event. Please make sure it has an appropriate `as` value and it is preloaded intentionally. @ http://localhost:3000/:0
[ 4619981ms] [WARNING] The resource http://localhost:3000/_next/static/chunks/%5Broot-of-the-server%5D__0n99re6._.css was preloaded using link preload but not used within a few seconds from the window's load event. Please make sure it has an appropriate `as` value and it is preloaded intentionally. @ http://localhost:3000/:0
[ 4623917ms] [WARNING] The resource http://localhost:3000/_next/static/chunks/%5Broot-of-the-server%5D__0n99re6._.css was preloaded using link preload but not used within a few seconds from the window's load event. Please make sure it has an appropriate `as` value and it is preloaded intentionally. @ http://localhost:3000/:0
[ 4627884ms] [WARNING] The resource http://localhost:3000/_next/static/chunks/%5Broot-of-the-server%5D__0n99re6._.css was preloaded using link preload but not used within a few seconds from the window's load event. Please make sure it has an appropriate `as` value and it is preloaded intentionally. @ http://localhost:3000/:0
[ 4631926ms] [WARNING] The resource http://localhost:3000/_next/static/chunks/%5Broot-of-the-server%5D__0n99re6._.css was preloaded using link preload but not used within a few seconds from the window's load event. Please make sure it has an appropriate `as` value and it is preloaded intentionally. @ http://localhost:3000/:0
[ 4636356ms] [WARNING] The resource http://localhost:3000/_next/static/chunks/%5Broot-of-the-server%5D__0n99re6._.css was preloaded using link preload but not used within a few seconds from the window's load event. Please make sure it has an appropriate `as` value and it is preloaded intentionally. @ http://localhost:3000/:0
[ 4640014ms] [WARNING] The resource http://localhost:3000/_next/static/chunks/%5Broot-of-the-server%5D__0n99re6._.css was preloaded using link preload but not used within a few seconds from the window's load event. Please make sure it has an appropriate `as` value and it is preloaded intentionally. @ http://localhost:3000/:0
[ 4643958ms] [WARNING] The resource http://localhost:3000/_next/static/chunks/%5Broot-of-the-server%5D__0n99re6._.css was preloaded using link preload but not used within a few seconds from the window's load event. Please make sure it has an appropriate `as` value and it is preloaded intentionally. @ http://localhost:3000/:0
[ 4647874ms] [WARNING] The resource http://localhost:3000/_next/static/chunks/%5Broot-of-the-server%5D__0n99re6._.css was preloaded using link preload but not used within a few seconds from the window's load event. Please make sure it has an appropriate `as` value and it is preloaded intentionally. @ http://localhost:3000/:0
[ 4651902ms] [WARNING] The resource http://localhost:3000/_next/static/chunks/%5Broot-of-the-server%5D__0n99re6._.css was preloaded using link preload but not used within a few seconds from the window's load event. Please make sure it has an appropriate `as` value and it is preloaded intentionally. @ http://localhost:3000/:0
[ 4655915ms] [WARNING] The resource http://localhost:3000/_next/static/chunks/%5Broot-of-the-server%5D__0n99re6._.css was preloaded using link preload but not used within a few seconds from the window's load event. Please make sure it has an appropriate `as` value and it is preloaded intentionally. @ http://localhost:3000/:0
[ 4659875ms] [WARNING] The resource http://localhost:3000/_next/static/chunks/%5Broot-of-the-server%5D__0n99re6._.css was preloaded using link preload but not used within a few seconds from the window's load event. Please make sure it has an appropriate `as` value and it is preloaded intentionally. @ http://localhost:3000/:0
[ 4663908ms] [WARNING] The resource http://localhost:3000/_next/static/chunks/%5Broot-of-the-server%5D__0n99re6._.css was preloaded using link preload but not used within a few seconds from the window's load event. Please make sure it has an appropriate `as` value and it is preloaded intentionally. @ http://localhost:3000/:0
[ 4667922ms] [WARNING] The resource http://localhost:3000/_next/static/chunks/%5Broot-of-the-server%5D__0n99re6._.css was preloaded using link preload but not used within a few seconds from the window's load event. Please make sure it has an appropriate `as` value and it is preloaded intentionally. @ http://localhost:3000/:0
[ 4671902ms] [WARNING] The resource http://localhost:3000/_next/static/chunks/%5Broot-of-the-server%5D__0n99re6._.css was preloaded using link preload but not used within a few seconds from the window's load event. Please make sure it has an appropriate `as` value and it is preloaded intentionally. @ http://localhost:3000/:0
[ 4675919ms] [WARNING] The resource http://localhost:3000/_next/static/chunks/%5Broot-of-the-server%5D__0n99re6._.css was preloaded using link preload but not used within a few seconds from the window's load event. Please make sure it has an appropriate `as` value and it is preloaded intentionally. @ http://localhost:3000/:0
[ 4679875ms] [WARNING] The resource http://localhost:3000/_next/static/chunks/%5Broot-of-the-server%5D__0n99re6._.css was preloaded using link preload but not used within a few seconds from the window's load event. Please make sure it has an appropriate `as` value and it is preloaded intentionally. @ http://localhost:3000/:0
[ 4684421ms] [WARNING] The resource http://localhost:3000/_next/static/chunks/%5Broot-of-the-server%5D__0n99re6._.css was preloaded using link preload but not used within a few seconds from the window's load event. Please make sure it has an appropriate `as` value and it is preloaded intentionally. @ http://localhost:3000/:0
[ 4687950ms] [WARNING] The resource http://localhost:3000/_next/static/chunks/%5Broot-of-the-server%5D__0n99re6._.css was preloaded using link preload but not used within a few seconds from the window's load event. Please make sure it has an appropriate `as` value and it is preloaded intentionally. @ http://localhost:3000/:0
[ 4691875ms] [WARNING] The resource http://localhost:3000/_next/static/chunks/%5Broot-of-the-server%5D__0n99re6._.css was preloaded using link preload but not used within a few seconds from the window's load event. Please make sure it has an appropriate `as` value and it is preloaded intentionally. @ http://localhost:3000/:0
[ 4695913ms] [WARNING] The resource http://localhost:3000/_next/static/chunks/%5Broot-of-the-server%5D__0n99re6._.css was preloaded using link preload but not used within a few seconds from the window's load event. Please make sure it has an appropriate `as` value and it is preloaded intentionally. @ http://localhost:3000/:0
[ 4699935ms] [WARNING] The resource http://localhost:3000/_next/static/chunks/%5Broot-of-the-server%5D__0n99re6._.css was preloaded using link preload but not used within a few seconds from the window's load event. Please make sure it has an appropriate `as` value and it is preloaded intentionally. @ http://localhost:3000/:0
[ 4703950ms] [WARNING] The resource http://localhost:3000/_next/static/chunks/%5Broot-of-the-server%5D__0n99re6._.css was preloaded using link preload but not used within a few seconds from the window's load event. Please make sure it has an appropriate `as` value and it is preloaded intentionally. @ http://localhost:3000/:0
[ 4707933ms] [WARNING] The resource http://localhost:3000/_next/static/chunks/%5Broot-of-the-server%5D__0n99re6._.css was preloaded using link preload but not used within a few seconds from the window's load event. Please make sure it has an appropriate `as` value and it is preloaded intentionally. @ http://localhost:3000/:0
[ 4711917ms] [WARNING] The resource http://localhost:3000/_next/static/chunks/%5Broot-of-the-server%5D__0n99re6._.css was preloaded using link preload but not used within a few seconds from the window's load event. Please make sure it has an appropriate `as` value and it is preloaded intentionally. @ http://localhost:3000/:0
[ 4716309ms] [WARNING] The resource http://localhost:3000/_next/static/chunks/%5Broot-of-the-server%5D__0n99re6._.css was preloaded using link preload but not used within a few seconds from the window's load event. Please make sure it has an appropriate `as` value and it is preloaded intentionally. @ http://localhost:3000/:0
[ 4719965ms] [WARNING] The resource http://localhost:3000/_next/static/chunks/%5Broot-of-the-server%5D__0n99re6._.css was preloaded using link preload but not used within a few seconds from the window's load event. Please make sure it has an appropriate `as` value and it is preloaded intentionally. @ http://localhost:3000/:0
[ 4723943ms] [WARNING] The resource http://localhost:3000/_next/static/chunks/%5Broot-of-the-server%5D__0n99re6._.css was preloaded using link preload but not used within a few seconds from the window's load event. Please make sure it has an appropriate `as` value and it is preloaded intentionally. @ http://localhost:3000/:0
[ 4727881ms] [WARNING] The resource http://localhost:3000/_next/static/chunks/%5Broot-of-the-server%5D__0n99re6._.css was preloaded using link preload but not used within a few seconds from the window's load event. Please make sure it has an appropriate `as` value and it is preloaded intentionally. @ http://localhost:3000/:0
[ 4731917ms] [WARNING] The resource http://localhost:3000/_next/static/chunks/%5Broot-of-the-server%5D__0n99re6._.css was preloaded using link preload but not used within a few seconds from the window's load event. Please make sure it has an appropriate `as` value and it is preloaded intentionally. @ http://localhost:3000/:0
[ 4736003ms] [WARNING] The resource http://localhost:3000/_next/static/chunks/%5Broot-of-the-server%5D__0n99re6._.css was preloaded using link preload but not used within a few seconds from the window's load event. Please make sure it has an appropriate `as` value and it is preloaded intentionally. @ http://localhost:3000/:0
[ 4739910ms] [WARNING] The resource http://localhost:3000/_next/static/chunks/%5Broot-of-the-server%5D__0n99re6._.css was preloaded using link preload but not used within a few seconds from the window's load event. Please make sure it has an appropriate `as` value and it is preloaded intentionally. @ http://localhost:3000/:0
[ 4743920ms] [WARNING] The resource http://localhost:3000/_next/static/chunks/%5Broot-of-the-server%5D__0n99re6._.css was preloaded using link preload but not used within a few seconds from the window's load event. Please make sure it has an appropriate `as` value and it is preloaded intentionally. @ http://localhost:3000/:0
[ 4747930ms] [WARNING] The resource http://localhost:3000/_next/static/chunks/%5Broot-of-the-server%5D__0n99re6._.css was preloaded using link preload but not used within a few seconds from the window's load event. Please make sure it has an appropriate `as` value and it is preloaded intentionally. @ http://localhost:3000/:0
[ 4751939ms] [WARNING] The resource http://localhost:3000/_next/static/chunks/%5Broot-of-the-server%5D__0n99re6._.css was preloaded using link preload but not used within a few seconds from the window's load event. Please make sure it has an appropriate `as` value and it is preloaded intentionally. @ http://localhost:3000/:0
[ 4755893ms] [WARNING] The resource http://localhost:3000/_next/static/chunks/%5Broot-of-the-server%5D__0n99re6._.css was preloaded using link preload but not used within a few seconds from the window's load event. Please make sure it has an appropriate `as` value and it is preloaded intentionally. @ http://localhost:3000/:0
[ 4759876ms] [WARNING] The resource http://localhost:3000/_next/static/chunks/%5Broot-of-the-server%5D__0n99re6._.css was preloaded using link preload but not used within a few seconds from the window's load event. Please make sure it has an appropriate `as` value and it is preloaded intentionally. @ http://localhost:3000/:0
[ 4763998ms] [WARNING] The resource http://localhost:3000/_next/static/chunks/%5Broot-of-the-server%5D__0n99re6._.css was preloaded using link preload but not used within a few seconds from the window's load event. Please make sure it has an appropriate `as` value and it is preloaded intentionally. @ http://localhost:3000/:0
[ 4767952ms] [WARNING] The resource http://localhost:3000/_next/static/chunks/%5Broot-of-the-server%5D__0n99re6._.css was preloaded using link preload but not used within a few seconds from the window's load event. Please make sure it has an appropriate `as` value and it is preloaded intentionally. @ http://localhost:3000/:0
[ 4771899ms] [WARNING] The resource http://localhost:3000/_next/static/chunks/%5Broot-of-the-server%5D__0n99re6._.css was preloaded using link preload but not used within a few seconds from the window's load event. Please make sure it has an appropriate `as` value and it is preloaded intentionally. @ http://localhost:3000/:0
[ 4775930ms] [WARNING] The resource http://localhost:3000/_next/static/chunks/%5Broot-of-the-server%5D__0n99re6._.css was preloaded using link preload but not used within a few seconds from the window's load event. Please make sure it has an appropriate `as` value and it is preloaded intentionally. @ http://localhost:3000/:0
[ 4779905ms] [WARNING] The resource http://localhost:3000/_next/static/chunks/%5Broot-of-the-server%5D__0n99re6._.css was preloaded using link preload but not used within a few seconds from the window's load event. Please make sure it has an appropriate `as` value and it is preloaded intentionally. @ http://localhost:3000/:0
[ 4783958ms] [WARNING] The resource http://localhost:3000/_next/static/chunks/%5Broot-of-the-server%5D__0n99re6._.css was preloaded using link preload but not used within a few seconds from the window's load event. Please make sure it has an appropriate `as` value and it is preloaded intentionally. @ http://localhost:3000/:0
[ 4787884ms] [WARNING] The resource http://localhost:3000/_next/static/chunks/%5Broot-of-the-server%5D__0n99re6._.css was preloaded using link preload but not used within a few seconds from the window's load event. Please make sure it has an appropriate `as` value and it is preloaded intentionally. @ http://localhost:3000/:0
[ 4791932ms] [WARNING] The resource http://localhost:3000/_next/static/chunks/%5Broot-of-the-server%5D__0n99re6._.css was preloaded using link preload but not used within a few seconds from the window's load event. Please make sure it has an appropriate `as` value and it is preloaded intentionally. @ http://localhost:3000/:0
[ 4796414ms] [WARNING] The resource http://localhost:3000/_next/static/chunks/%5Broot-of-the-server%5D__0n99re6._.css was preloaded using link preload but not used within a few seconds from the window's load event. Please make sure it has an appropriate `as` value and it is preloaded intentionally. @ http://localhost:3000/:0
[ 4799984ms] [WARNING] The resource http://localhost:3000/_next/static/chunks/%5Broot-of-the-server%5D__0n99re6._.css was preloaded using link preload but not used within a few seconds from the window's load event. Please make sure it has an appropriate `as` value and it is preloaded intentionally. @ http://localhost:3000/:0
[ 4803930ms] [WARNING] The resource http://localhost:3000/_next/static/chunks/%5Broot-of-the-server%5D__0n99re6._.css was preloaded using link preload but not used within a few seconds from the window's load event. Please make sure it has an appropriate `as` value and it is preloaded intentionally. @ http://localhost:3000/:0
[ 4807894ms] [WARNING] The resource http://localhost:3000/_next/static/chunks/%5Broot-of-the-server%5D__0n99re6._.css was preloaded using link preload but not used within a few seconds from the window's load event. Please make sure it has an appropriate `as` value and it is preloaded intentionally. @ http://localhost:3000/:0
[ 4811929ms] [WARNING] The resource http://localhost:3000/_next/static/chunks/%5Broot-of-the-server%5D__0n99re6._.css was preloaded using link preload but not used within a few seconds from the window's load event. Please make sure it has an appropriate `as` value and it is preloaded intentionally. @ http://localhost:3000/:0
[ 4815910ms] [WARNING] The resource http://localhost:3000/_next/static/chunks/%5Broot-of-the-server%5D__0n99re6._.css was preloaded using link preload but not used within a few seconds from the window's load event. Please make sure it has an appropriate `as` value and it is preloaded intentionally. @ http://localhost:3000/:0
[ 4819910ms] [WARNING] The resource http://localhost:3000/_next/static/chunks/%5Broot-of-the-server%5D__0n99re6._.css was preloaded using link preload but not used within a few seconds from the window's load event. Please make sure it has an appropriate `as` value and it is preloaded intentionally. @ http://localhost:3000/:0
[ 4823898ms] [WARNING] The resource http://localhost:3000/_next/static/chunks/%5Broot-of-the-server%5D__0n99re6._.css was preloaded using link preload but not used within a few seconds from the window's load event. Please make sure it has an appropriate `as` value and it is preloaded intentionally. @ http://localhost:3000/:0
[ 4827941ms] [WARNING] The resource http://localhost:3000/_next/static/chunks/%5Broot-of-the-server%5D__0n99re6._.css was preloaded using link preload but not used within a few seconds from the window's load event. Please make sure it has an appropriate `as` value and it is preloaded intentionally. @ http://localhost:3000/:0
[ 4832011ms] [WARNING] The resource http://localhost:3000/_next/static/chunks/%5Broot-of-the-server%5D__0n99re6._.css was preloaded using link preload but not used within a few seconds from the window's load event. Please make sure it has an appropriate `as` value and it is preloaded intentionally. @ http://localhost:3000/:0
[ 4835926ms] [WARNING] The resource http://localhost:3000/_next/static/chunks/%5Broot-of-the-server%5D__0n99re6._.css was preloaded using link preload but not used within a few seconds from the window's load event. Please make sure it has an appropriate `as` value and it is preloaded intentionally. @ http://localhost:3000/:0
[ 4839926ms] [WARNING] The resource http://localhost:3000/_next/static/chunks/%5Broot-of-the-server%5D__0n99re6._.css was preloaded using link preload but not used within a few seconds from the window's load event. Please make sure it has an appropriate `as` value and it is preloaded intentionally. @ http://localhost:3000/:0
[ 4843949ms] [WARNING] The resource http://localhost:3000/_next/static/chunks/%5Broot-of-the-server%5D__0n99re6._.css was preloaded using link preload but not used within a few seconds from the window's load event. Please make sure it has an appropriate `as` value and it is preloaded intentionally. @ http://localhost:3000/:0
[ 4847967ms] [WARNING] The resource http://localhost:3000/_next/static/chunks/%5Broot-of-the-server%5D__0n99re6._.css was preloaded using link preload but not used within a few seconds from the window's load event. Please make sure it has an appropriate `as` value and it is preloaded intentionally. @ http://localhost:3000/:0
[ 4851938ms] [WARNING] The resource http://localhost:3000/_next/static/chunks/%5Broot-of-the-server%5D__0n99re6._.css was preloaded using link preload but not used within a few seconds from the window's load event. Please make sure it has an appropriate `as` value and it is preloaded intentionally. @ http://localhost:3000/:0
[ 4855912ms] [WARNING] The resource http://localhost:3000/_next/static/chunks/%5Broot-of-the-server%5D__0n99re6._.css was preloaded using link preload but not used within a few seconds from the window's load event. Please make sure it has an appropriate `as` value and it is preloaded intentionally. @ http://localhost:3000/:0
[ 4859942ms] [WARNING] The resource http://localhost:3000/_next/static/chunks/%5Broot-of-the-server%5D__0n99re6._.css was preloaded using link preload but not used within a few seconds from the window's load event. Please make sure it has an appropriate `as` value and it is preloaded intentionally. @ http://localhost:3000/:0
[ 4863951ms] [WARNING] The resource http://localhost:3000/_next/static/chunks/%5Broot-of-the-server%5D__0n99re6._.css was preloaded using link preload but not used within a few seconds from the window's load event. Please make sure it has an appropriate `as` value and it is preloaded intentionally. @ http://localhost:3000/:0
[ 4867956ms] [WARNING] The resource http://localhost:3000/_next/static/chunks/%5Broot-of-the-server%5D__0n99re6._.css was preloaded using link preload but not used within a few seconds from the window's load event. Please make sure it has an appropriate `as` value and it is preloaded intentionally. @ http://localhost:3000/:0
[ 4871951ms] [WARNING] The resource http://localhost:3000/_next/static/chunks/%5Broot-of-the-server%5D__0n99re6._.css was preloaded using link preload but not used within a few seconds from the window's load event. Please make sure it has an appropriate `as` value and it is preloaded intentionally. @ http://localhost:3000/:0
[ 4876387ms] [WARNING] The resource http://localhost:3000/_next/static/chunks/%5Broot-of-the-server%5D__0n99re6._.css was preloaded using link preload but not used within a few seconds from the window's load event. Please make sure it has an appropriate `as` value and it is preloaded intentionally. @ http://localhost:3000/:0
[ 4880020ms] [WARNING] The resource http://localhost:3000/_next/static/chunks/%5Broot-of-the-server%5D__0n99re6._.css was preloaded using link preload but not used within a few seconds from the window's load event. Please make sure it has an appropriate `as` value and it is preloaded intentionally. @ http://localhost:3000/:0
[ 4883908ms] [WARNING] The resource http://localhost:3000/_next/static/chunks/%5Broot-of-the-server%5D__0n99re6._.css was preloaded using link preload but not used within a few seconds from the window's load event. Please make sure it has an appropriate `as` value and it is preloaded intentionally. @ http://localhost:3000/:0
[ 4887918ms] [WARNING] The resource http://localhost:3000/_next/static/chunks/%5Broot-of-the-server%5D__0n99re6._.css was preloaded using link preload but not used within a few seconds from the window's load event. Please make sure it has an appropriate `as` value and it is preloaded intentionally. @ http://localhost:3000/:0
[ 4891940ms] [WARNING] The resource http://localhost:3000/_next/static/chunks/%5Broot-of-the-server%5D__0n99re6._.css was preloaded using link preload but not used within a few seconds from the window's load event. Please make sure it has an appropriate `as` value and it is preloaded intentionally. @ http://localhost:3000/:0
[ 4895914ms] [WARNING] The resource http://localhost:3000/_next/static/chunks/%5Broot-of-the-server%5D__0n99re6._.css was preloaded using link preload but not used within a few seconds from the window's load event. Please make sure it has an appropriate `as` value and it is preloaded intentionally. @ http://localhost:3000/:0
[ 4899974ms] [WARNING] The resource http://localhost:3000/_next/static/chunks/%5Broot-of-the-server%5D__0n99re6._.css was preloaded using link preload but not used within a few seconds from the window's load event. Please make sure it has an appropriate `as` value and it is preloaded intentionally. @ http://localhost:3000/:0
[ 4903929ms] [WARNING] The resource http://localhost:3000/_next/static/chunks/%5Broot-of-the-server%5D__0n99re6._.css was preloaded using link preload but not used within a few seconds from the window's load event. Please make sure it has an appropriate `as` value and it is preloaded intentionally. @ http://localhost:3000/:0
[ 4907907ms] [WARNING] The resource http://localhost:3000/_next/static/chunks/%5Broot-of-the-server%5D__0n99re6._.css was preloaded using link preload but not used within a few seconds from the window's load event. Please make sure it has an appropriate `as` value and it is preloaded intentionally. @ http://localhost:3000/:0
[ 4911913ms] [WARNING] The resource http://localhost:3000/_next/static/chunks/%5Broot-of-the-server%5D__0n99re6._.css was preloaded using link preload but not used within a few seconds from the window's load event. Please make sure it has an appropriate `as` value and it is preloaded intentionally. @ http://localhost:3000/:0
[ 4915922ms] [WARNING] The resource http://localhost:3000/_next/static/chunks/%5Broot-of-the-server%5D__0n99re6._.css was preloaded using link preload but not used within a few seconds from the window's load event. Please make sure it has an appropriate `as` value and it is preloaded intentionally. @ http://localhost:3000/:0
[ 4919880ms] [WARNING] The resource http://localhost:3000/_next/static/chunks/%5Broot-of-the-server%5D__0n99re6._.css was preloaded using link preload but not used within a few seconds from the window's load event. Please make sure it has an appropriate `as` value and it is preloaded intentionally. @ http://localhost:3000/:0
[ 4923945ms] [WARNING] The resource http://localhost:3000/_next/static/chunks/%5Broot-of-the-server%5D__0n99re6._.css was preloaded using link preload but not used within a few seconds from the window's load event. Please make sure it has an appropriate `as` value and it is preloaded intentionally. @ http://localhost:3000/:0
[ 4927996ms] [WARNING] The resource http://localhost:3000/_next/static/chunks/%5Broot-of-the-server%5D__0n99re6._.css was preloaded using link preload but not used within a few seconds from the window's load event. Please make sure it has an appropriate `as` value and it is preloaded intentionally. @ http://localhost:3000/:0
[ 4931894ms] [WARNING] The resource http://localhost:3000/_next/static/chunks/%5Broot-of-the-server%5D__0n99re6._.css was preloaded using link preload but not used within a few seconds from the window's load event. Please make sure it has an appropriate `as` value and it is preloaded intentionally. @ http://localhost:3000/:0
[ 4936008ms] [WARNING] The resource http://localhost:3000/_next/static/chunks/%5Broot-of-the-server%5D__0n99re6._.css was preloaded using link preload but not used within a few seconds from the window's load event. Please make sure it has an appropriate `as` value and it is preloaded intentionally. @ http://localhost:3000/:0
[ 4939902ms] [WARNING] The resource http://localhost:3000/_next/static/chunks/%5Broot-of-the-server%5D__0n99re6._.css was preloaded using link preload but not used within a few seconds from the window's load event. Please make sure it has an appropriate `as` value and it is preloaded intentionally. @ http://localhost:3000/:0
[ 4943923ms] [WARNING] The resource http://localhost:3000/_next/static/chunks/%5Broot-of-the-server%5D__0n99re6._.css was preloaded using link preload but not used within a few seconds from the window's load event. Please make sure it has an appropriate `as` value and it is preloaded intentionally. @ http://localhost:3000/:0
[ 4947870ms] [WARNING] The resource http://localhost:3000/_next/static/chunks/%5Broot-of-the-server%5D__0n99re6._.css was preloaded using link preload but not used within a few seconds from the window's load event. Please make sure it has an appropriate `as` value and it is preloaded intentionally. @ http://localhost:3000/:0
[ 4951932ms] [WARNING] The resource http://localhost:3000/_next/static/chunks/%5Broot-of-the-server%5D__0n99re6._.css was preloaded using link preload but not used within a few seconds from the window's load event. Please make sure it has an appropriate `as` value and it is preloaded intentionally. @ http://localhost:3000/:0
[ 4956283ms] [WARNING] The resource http://localhost:3000/_next/static/chunks/%5Broot-of-the-server%5D__0n99re6._.css was preloaded using link preload but not used within a few seconds from the window's load event. Please make sure it has an appropriate `as` value and it is preloaded intentionally. @ http://localhost:3000/:0
[ 4959976ms] [WARNING] The resource http://localhost:3000/_next/static/chunks/%5Broot-of-the-server%5D__0n99re6._.css was preloaded using link preload but not used within a few seconds from the window's load event. Please make sure it has an appropriate `as` value and it is preloaded intentionally. @ http://localhost:3000/:0
[ 4963894ms] [WARNING] The resource http://localhost:3000/_next/static/chunks/%5Broot-of-the-server%5D__0n99re6._.css was preloaded using link preload but not used within a few seconds from the window's load event. Please make sure it has an appropriate `as` value and it is preloaded intentionally. @ http://localhost:3000/:0
[ 4967937ms] [WARNING] The resource http://localhost:3000/_next/static/chunks/%5Broot-of-the-server%5D__0n99re6._.css was preloaded using link preload but not used within a few seconds from the window's load event. Please make sure it has an appropriate `as` value and it is preloaded intentionally. @ http://localhost:3000/:0
[ 4971899ms] [WARNING] The resource http://localhost:3000/_next/static/chunks/%5Broot-of-the-server%5D__0n99re6._.css was preloaded using link preload but not used within a few seconds from the window's load event. Please make sure it has an appropriate `as` value and it is preloaded intentionally. @ http://localhost:3000/:0
[ 4975916ms] [WARNING] The resource http://localhost:3000/_next/static/chunks/%5Broot-of-the-server%5D__0n99re6._.css was preloaded using link preload but not used within a few seconds from the window's load event. Please make sure it has an appropriate `as` value and it is preloaded intentionally. @ http://localhost:3000/:0
[ 4979883ms] [WARNING] The resource http://localhost:3000/_next/static/chunks/%5Broot-of-the-server%5D__0n99re6._.css was preloaded using link preload but not used within a few seconds from the window's load event. Please make sure it has an appropriate `as` value and it is preloaded intentionally. @ http://localhost:3000/:0
[ 4983893ms] [WARNING] The resource http://localhost:3000/_next/static/chunks/%5Broot-of-the-server%5D__0n99re6._.css was preloaded using link preload but not used within a few seconds from the window's load event. Please make sure it has an appropriate `as` value and it is preloaded intentionally. @ http://localhost:3000/:0
[ 4987895ms] [WARNING] The resource http://localhost:3000/_next/static/chunks/%5Broot-of-the-server%5D__0n99re6._.css was preloaded using link preload but not used within a few seconds from the window's load event. Please make sure it has an appropriate `as` value and it is preloaded intentionally. @ http://localhost:3000/:0
[ 4992039ms] [WARNING] The resource http://localhost:3000/_next/static/chunks/%5Broot-of-the-server%5D__0n99re6._.css was preloaded using link preload but not used within a few seconds from the window's load event. Please make sure it has an appropriate `as` value and it is preloaded intentionally. @ http://localhost:3000/:0
[ 4995876ms] [WARNING] The resource http://localhost:3000/_next/static/chunks/%5Broot-of-the-server%5D__0n99re6._.css was preloaded using link preload but not used within a few seconds from the window's load event. Please make sure it has an appropriate `as` value and it is preloaded intentionally. @ http://localhost:3000/:0
[ 4999895ms] [WARNING] The resource http://localhost:3000/_next/static/chunks/%5Broot-of-the-server%5D__0n99re6._.css was preloaded using link preload but not used within a few seconds from the window's load event. Please make sure it has an appropriate `as` value and it is preloaded intentionally. @ http://localhost:3000/:0
[ 5003921ms] [WARNING] The resource http://localhost:3000/_next/static/chunks/%5Broot-of-the-server%5D__0n99re6._.css was preloaded using link preload but not used within a few seconds from the window's load event. Please make sure it has an appropriate `as` value and it is preloaded intentionally. @ http://localhost:3000/:0
[ 5007922ms] [WARNING] The resource http://localhost:3000/_next/static/chunks/%5Broot-of-the-server%5D__0n99re6._.css was preloaded using link preload but not used within a few seconds from the window's load event. Please make sure it has an appropriate `as` value and it is preloaded intentionally. @ http://localhost:3000/:0
[ 5011897ms] [WARNING] The resource http://localhost:3000/_next/static/chunks/%5Broot-of-the-server%5D__0n99re6._.css was preloaded using link preload but not used within a few seconds from the window's load event. Please make sure it has an appropriate `as` value and it is preloaded intentionally. @ http://localhost:3000/:0
[ 5015919ms] [WARNING] The resource http://localhost:3000/_next/static/chunks/%5Broot-of-the-server%5D__0n99re6._.css was preloaded using link preload but not used within a few seconds from the window's load event. Please make sure it has an appropriate `as` value and it is preloaded intentionally. @ http://localhost:3000/:0
[ 5019924ms] [WARNING] The resource http://localhost:3000/_next/static/chunks/%5Broot-of-the-server%5D__0n99re6._.css was preloaded using link preload but not used within a few seconds from the window's load event. Please make sure it has an appropriate `as` value and it is preloaded intentionally. @ http://localhost:3000/:0
[ 5023900ms] [WARNING] The resource http://localhost:3000/_next/static/chunks/%5Broot-of-the-server%5D__0n99re6._.css was preloaded using link preload but not used within a few seconds from the window's load event. Please make sure it has an appropriate `as` value and it is preloaded intentionally. @ http://localhost:3000/:0
[ 5027858ms] [WARNING] The resource http://localhost:3000/_next/static/chunks/%5Broot-of-the-server%5D__0n99re6._.css was preloaded using link preload but not used within a few seconds from the window's load event. Please make sure it has an appropriate `as` value and it is preloaded intentionally. @ http://localhost:3000/:0
[ 5031930ms] [WARNING] The resource http://localhost:3000/_next/static/chunks/%5Broot-of-the-server%5D__0n99re6._.css was preloaded using link preload but not used within a few seconds from the window's load event. Please make sure it has an appropriate `as` value and it is preloaded intentionally. @ http://localhost:3000/:0
[ 5036630ms] [WARNING] The resource http://localhost:3000/_next/static/chunks/%5Broot-of-the-server%5D__0n99re6._.css was preloaded using link preload but not used within a few seconds from the window's load event. Please make sure it has an appropriate `as` value and it is preloaded intentionally. @ http://localhost:3000/:0
[ 5039973ms] [WARNING] The resource http://localhost:3000/_next/static/chunks/%5Broot-of-the-server%5D__0n99re6._.css was preloaded using link preload but not used within a few seconds from the window's load event. Please make sure it has an appropriate `as` value and it is preloaded intentionally. @ http://localhost:3000/:0
[ 5043892ms] [WARNING] The resource http://localhost:3000/_next/static/chunks/%5Broot-of-the-server%5D__0n99re6._.css was preloaded using link preload but not used within a few seconds from the window's load event. Please make sure it has an appropriate `as` value and it is preloaded intentionally. @ http://localhost:3000/:0
[ 5047886ms] [WARNING] The resource http://localhost:3000/_next/static/chunks/%5Broot-of-the-server%5D__0n99re6._.css was preloaded using link preload but not used within a few seconds from the window's load event. Please make sure it has an appropriate `as` value and it is preloaded intentionally. @ http://localhost:3000/:0
[ 5051953ms] [WARNING] The resource http://localhost:3000/_next/static/chunks/%5Broot-of-the-server%5D__0n99re6._.css was preloaded using link preload but not used within a few seconds from the window's load event. Please make sure it has an appropriate `as` value and it is preloaded intentionally. @ http://localhost:3000/:0
[ 5055993ms] [WARNING] The resource http://localhost:3000/_next/static/chunks/%5Broot-of-the-server%5D__0n99re6._.css was preloaded using link preload but not used within a few seconds from the window's load event. Please make sure it has an appropriate `as` value and it is preloaded intentionally. @ http://localhost:3000/:0
[ 5059902ms] [WARNING] The resource http://localhost:3000/_next/static/chunks/%5Broot-of-the-server%5D__0n99re6._.css was preloaded using link preload but not used within a few seconds from the window's load event. Please make sure it has an appropriate `as` value and it is preloaded intentionally. @ http://localhost:3000/:0
[ 5063958ms] [WARNING] The resource http://localhost:3000/_next/static/chunks/%5Broot-of-the-server%5D__0n99re6._.css was preloaded using link preload but not used within a few seconds from the window's load event. Please make sure it has an appropriate `as` value and it is preloaded intentionally. @ http://localhost:3000/:0
[ 5067968ms] [WARNING] The resource http://localhost:3000/_next/static/chunks/%5Broot-of-the-server%5D__0n99re6._.css was preloaded using link preload but not used within a few seconds from the window's load event. Please make sure it has an appropriate `as` value and it is preloaded intentionally. @ http://localhost:3000/:0
[ 5071901ms] [WARNING] The resource http://localhost:3000/_next/static/chunks/%5Broot-of-the-server%5D__0n99re6._.css was preloaded using link preload but not used within a few seconds from the window's load event. Please make sure it has an appropriate `as` value and it is preloaded intentionally. @ http://localhost:3000/:0
[ 5075966ms] [WARNING] The resource http://localhost:3000/_next/static/chunks/%5Broot-of-the-server%5D__0n99re6._.css was preloaded using link preload but not used within a few seconds from the window's load event. Please make sure it has an appropriate `as` value and it is preloaded intentionally. @ http://localhost:3000/:0
[ 5079900ms] [WARNING] The resource http://localhost:3000/_next/static/chunks/%5Broot-of-the-server%5D__0n99re6._.css was preloaded using link preload but not used within a few seconds from the window's load event. Please make sure it has an appropriate `as` value and it is preloaded intentionally. @ http://localhost:3000/:0
[ 5084386ms] [WARNING] The resource http://localhost:3000/_next/static/chunks/%5Broot-of-the-server%5D__0n99re6._.css was preloaded using link preload but not used within a few seconds from the window's load event. Please make sure it has an appropriate `as` value and it is preloaded intentionally. @ http://localhost:3000/:0
[ 5088077ms] [WARNING] The resource http://localhost:3000/_next/static/chunks/%5Broot-of-the-server%5D__0n99re6._.css was preloaded using link preload but not used within a few seconds from the window's load event. Please make sure it has an appropriate `as` value and it is preloaded intentionally. @ http://localhost:3000/:0
[ 5091930ms] [WARNING] The resource http://localhost:3000/_next/static/chunks/%5Broot-of-the-server%5D__0n99re6._.css was preloaded using link preload but not used within a few seconds from the window's load event. Please make sure it has an appropriate `as` value and it is preloaded intentionally. @ http://localhost:3000/:0
[ 5095925ms] [WARNING] The resource http://localhost:3000/_next/static/chunks/%5Broot-of-the-server%5D__0n99re6._.css was preloaded using link preload but not used within a few seconds from the window's load event. Please make sure it has an appropriate `as` value and it is preloaded intentionally. @ http://localhost:3000/:0
[ 5099921ms] [WARNING] The resource http://localhost:3000/_next/static/chunks/%5Broot-of-the-server%5D__0n99re6._.css was preloaded using link preload but not used within a few seconds from the window's load event. Please make sure it has an appropriate `as` value and it is preloaded intentionally. @ http://localhost:3000/:0
[ 5103923ms] [WARNING] The resource http://localhost:3000/_next/static/chunks/%5Broot-of-the-server%5D__0n99re6._.css was preloaded using link preload but not used within a few seconds from the window's load event. Please make sure it has an appropriate `as` value and it is preloaded intentionally. @ http://localhost:3000/:0
[ 5107911ms] [WARNING] The resource http://localhost:3000/_next/static/chunks/%5Broot-of-the-server%5D__0n99re6._.css was preloaded using link preload but not used within a few seconds from the window's load event. Please make sure it has an appropriate `as` value and it is preloaded intentionally. @ http://localhost:3000/:0
[ 5111929ms] [WARNING] The resource http://localhost:3000/_next/static/chunks/%5Broot-of-the-server%5D__0n99re6._.css was preloaded using link preload but not used within a few seconds from the window's load event. Please make sure it has an appropriate `as` value and it is preloaded intentionally. @ http://localhost:3000/:0
[ 5115921ms] [WARNING] The resource http://localhost:3000/_next/static/chunks/%5Broot-of-the-server%5D__0n99re6._.css was preloaded using link preload but not used within a few seconds from the window's load event. Please make sure it has an appropriate `as` value and it is preloaded intentionally. @ http://localhost:3000/:0
[ 5120076ms] [WARNING] The resource http://localhost:3000/_next/static/chunks/%5Broot-of-the-server%5D__0n99re6._.css was preloaded using link preload but not used within a few seconds from the window's load event. Please make sure it has an appropriate `as` value and it is preloaded intentionally. @ http://localhost:3000/:0
[ 5123900ms] [WARNING] The resource http://localhost:3000/_next/static/chunks/%5Broot-of-the-server%5D__0n99re6._.css was preloaded using link preload but not used within a few seconds from the window's load event. Please make sure it has an appropriate `as` value and it is preloaded intentionally. @ http://localhost:3000/:0
[ 5127877ms] [WARNING] The resource http://localhost:3000/_next/static/chunks/%5Broot-of-the-server%5D__0n99re6._.css was preloaded using link preload but not used within a few seconds from the window's load event. Please make sure it has an appropriate `as` value and it is preloaded intentionally. @ http://localhost:3000/:0
[ 5131903ms] [WARNING] The resource http://localhost:3000/_next/static/chunks/%5Broot-of-the-server%5D__0n99re6._.css was preloaded using link preload but not used within a few seconds from the window's load event. Please make sure it has an appropriate `as` value and it is preloaded intentionally. @ http://localhost:3000/:0
[ 5136013ms] [WARNING] The resource http://localhost:3000/_next/static/chunks/%5Broot-of-the-server%5D__0n99re6._.css was preloaded using link preload but not used within a few seconds from the window's load event. Please make sure it has an appropriate `as` value and it is preloaded intentionally. @ http://localhost:3000/:0
[ 5139911ms] [WARNING] The resource http://localhost:3000/_next/static/chunks/%5Broot-of-the-server%5D__0n99re6._.css was preloaded using link preload but not used within a few seconds from the window's load event. Please make sure it has an appropriate `as` value and it is preloaded intentionally. @ http://localhost:3000/:0
[ 5143932ms] [WARNING] The resource http://localhost:3000/_next/static/chunks/%5Broot-of-the-server%5D__0n99re6._.css was preloaded using link preload but not used within a few seconds from the window's load event. Please make sure it has an appropriate `as` value and it is preloaded intentionally. @ http://localhost:3000/:0
[ 5147971ms] [WARNING] The resource http://localhost:3000/_next/static/chunks/%5Broot-of-the-server%5D__0n99re6._.css was preloaded using link preload but not used within a few seconds from the window's load event. Please make sure it has an appropriate `as` value and it is preloaded intentionally. @ http://localhost:3000/:0
[ 5151891ms] [WARNING] The resource http://localhost:3000/_next/static/chunks/%5Broot-of-the-server%5D__0n99re6._.css was preloaded using link preload but not used within a few seconds from the window's load event. Please make sure it has an appropriate `as` value and it is preloaded intentionally. @ http://localhost:3000/:0
[ 5155892ms] [WARNING] The resource http://localhost:3000/_next/static/chunks/%5Broot-of-the-server%5D__0n99re6._.css was preloaded using link preload but not used within a few seconds from the window's load event. Please make sure it has an appropriate `as` value and it is preloaded intentionally. @ http://localhost:3000/:0
[ 5159912ms] [WARNING] The resource http://localhost:3000/_next/static/chunks/%5Broot-of-the-server%5D__0n99re6._.css was preloaded using link preload but not used within a few seconds from the window's load event. Please make sure it has an appropriate `as` value and it is preloaded intentionally. @ http://localhost:3000/:0
[ 5161974ms] [ERROR] WebSocket connection to 'ws://localhost:3000/_next/webpack-hmr?id=sfVXcb73z_Hrksjs2ncwC' failed: Error in connection establishment: net::ERR_CONNECTION_REFUSED @ http://localhost:3000/_next/static/chunks/node_modules_next_dist_client_0fhqo1d._.js:13322
[ 5163937ms] [WARNING] The resource http://localhost:3000/_next/static/chunks/%5Broot-of-the-server%5D__0n99re6._.css was preloaded using link preload but not used within a few seconds from the window's load event. Please make sure it has an appropriate `as` value and it is preloaded intentionally. @ http://localhost:3000/:0
[ 5165340ms] [ERROR] WebSocket connection to 'ws://localhost:3000/_next/webpack-hmr?id=sfVXcb73z_Hrksjs2ncwC' failed: Error in connection establishment: net::ERR_CONNECTION_REFUSED @ http://localhost:3000/_next/static/chunks/node_modules_next_dist_client_0fhqo1d._.js:13322
[ 5167258ms] [ERROR] Failed to load resource: net::ERR_CONNECTION_REFUSED @ http://localhost:3000/iphone14pro-order.png:0
[ 5168719ms] [ERROR] WebSocket connection to 'ws://localhost:3000/_next/webpack-hmr?id=sfVXcb73z_Hrksjs2ncwC' failed: Error in connection establishment: net::ERR_CONNECTION_REFUSED @ http://localhost:3000/_next/static/chunks/node_modules_next_dist_client_0fhqo1d._.js:13322
[ 5171910ms] [WARNING] The resource http://localhost:3000/_next/static/chunks/%5Broot-of-the-server%5D__0n99re6._.css was preloaded using link preload but not used within a few seconds from the window's load event. Please make sure it has an appropriate `as` value and it is preloaded intentionally. @ http://localhost:3000/:0
[ 5172071ms] [ERROR] WebSocket connection to 'ws://localhost:3000/_next/webpack-hmr?id=sfVXcb73z_Hrksjs2ncwC' failed: Error in connection establishment: net::ERR_CONNECTION_REFUSED @ http://localhost:3000/_next/static/chunks/node_modules_next_dist_client_0fhqo1d._.js:13322
[ 5175458ms] [ERROR] WebSocket connection to 'ws://localhost:3000/_next/webpack-hmr?id=sfVXcb73z_Hrksjs2ncwC' failed: Error in connection establishment: net::ERR_CONNECTION_REFUSED @ http://localhost:3000/_next/static/chunks/node_modules_next_dist_client_0fhqo1d._.js:13322
[ 5175936ms] [WARNING] The resource http://localhost:3000/_next/static/chunks/%5Broot-of-the-server%5D__0n99re6._.css was preloaded using link preload but not used within a few seconds from the window's load event. Please make sure it has an appropriate `as` value and it is preloaded intentionally. @ http://localhost:3000/:0
[ 5179937ms] [WARNING] The resource http://localhost:3000/_next/static/chunks/%5Broot-of-the-server%5D__0n99re6._.css was preloaded using link preload but not used within a few seconds from the window's load event. Please make sure it has an appropriate `as` value and it is preloaded intentionally. @ http://localhost:3000/:0
[ 5182845ms] [ERROR] WebSocket connection to 'ws://localhost:3000/_next/webpack-hmr?id=sfVXcb73z_Hrksjs2ncwC' failed: Error in connection establishment: net::ERR_CONNECTION_REFUSED @ http://localhost:3000/_next/static/chunks/node_modules_next_dist_client_0fhqo1d._.js:13322
[ 5183194ms] [ERROR] Failed to load resource: net::ERR_CONNECTION_REFUSED @ http://localhost:3000/iphone14pro-order.png:0
[ 5187899ms] [WARNING] The resource http://localhost:3000/_next/static/chunks/%5Broot-of-the-server%5D__0n99re6._.css was preloaded using link preload but not used within a few seconds from the window's load event. Please make sure it has an appropriate `as` value and it is preloaded intentionally. @ http://localhost:3000/:0
[ 5190253ms] [ERROR] WebSocket connection to 'ws://localhost:3000/_next/webpack-hmr?id=sfVXcb73z_Hrksjs2ncwC' failed: Error in connection establishment: net::ERR_CONNECTION_REFUSED @ http://localhost:3000/_next/static/chunks/node_modules_next_dist_client_0fhqo1d._.js:13322
[ 5191881ms] [WARNING] The resource http://localhost:3000/_next/static/chunks/%5Broot-of-the-server%5D__0n99re6._.css was preloaded using link preload but not used within a few seconds from the window's load event. Please make sure it has an appropriate `as` value and it is preloaded intentionally. @ http://localhost:3000/:0
[ 5195920ms] [WARNING] The resource http://localhost:3000/_next/static/chunks/%5Broot-of-the-server%5D__0n99re6._.css was preloaded using link preload but not used within a few seconds from the window's load event. Please make sure it has an appropriate `as` value and it is preloaded intentionally. @ http://localhost:3000/:0
[ 5197668ms] [ERROR] WebSocket connection to 'ws://localhost:3000/_next/webpack-hmr?id=sfVXcb73z_Hrksjs2ncwC' failed: Error in connection establishment: net::ERR_CONNECTION_REFUSED @ http://localhost:3000/_next/static/chunks/node_modules_next_dist_client_0fhqo1d._.js:13322
[ 5199243ms] [ERROR] Failed to load resource: net::ERR_CONNECTION_REFUSED @ http://localhost:3000/iphone14pro-order.png:0
[ 5203891ms] [WARNING] The resource http://localhost:3000/_next/static/chunks/%5Broot-of-the-server%5D__0n99re6._.css was preloaded using link preload but not used within a few seconds from the window's load event. Please make sure it has an appropriate `as` value and it is preloaded intentionally. @ http://localhost:3000/:0
[ 5205037ms] [ERROR] WebSocket connection to 'ws://localhost:3000/_next/webpack-hmr?id=sfVXcb73z_Hrksjs2ncwC' failed: Error in connection establishment: net::ERR_CONNECTION_REFUSED @ http://localhost:3000/_next/static/chunks/node_modules_next_dist_client_0fhqo1d._.js:13322
[ 5207869ms] [WARNING] The resource http://localhost:3000/_next/static/chunks/%5Broot-of-the-server%5D__0n99re6._.css was preloaded using link preload but not used within a few seconds from the window's load event. Please make sure it has an appropriate `as` value and it is preloaded intentionally. @ http://localhost:3000/:0
[ 5211216ms] [ERROR] Failed to load resource: net::ERR_CONNECTION_REFUSED @ http://localhost:3000/products/macbook-air-m2.png:0
[ 5211247ms] [ERROR] Failed to load resource: net::ERR_CONNECTION_REFUSED @ http://localhost:3000/products/airpods-pro-2.png:0
[ 5211248ms] [ERROR] Failed to load resource: net::ERR_CONNECTION_REFUSED @ http://localhost:3000/products/ipad-air-5.png:0
[ 5212400ms] [ERROR] WebSocket connection to 'ws://localhost:3000/_next/webpack-hmr?id=sfVXcb73z_Hrksjs2ncwC' failed: Error in connection establishment: net::ERR_CONNECTION_REFUSED @ http://localhost:3000/_next/static/chunks/node_modules_next_dist_client_0fhqo1d._.js:13322
[ 5214264ms] [WARNING] The resource http://localhost:3000/_next/static/chunks/%5Broot-of-the-server%5D__0n99re6._.css was preloaded using link preload but not used within a few seconds from the window's load event. Please make sure it has an appropriate `as` value and it is preloaded intentionally. @ http://localhost:3000/:0
[ 5215311ms] [ERROR] Failed to load resource: net::ERR_CONNECTION_REFUSED @ http://localhost:3000/iphone14pro-order.png:0
[ 5219840ms] [ERROR] WebSocket connection to 'ws://localhost:3000/_next/webpack-hmr?id=sfVXcb73z_Hrksjs2ncwC' failed: Error in connection establishment: net::ERR_CONNECTION_REFUSED @ http://localhost:3000/_next/static/chunks/node_modules_next_dist_client_0fhqo1d._.js:13322
[ 5219925ms] [WARNING] The resource http://localhost:3000/_next/static/chunks/%5Broot-of-the-server%5D__0n99re6._.css was preloaded using link preload but not used within a few seconds from the window's load event. Please make sure it has an appropriate `as` value and it is preloaded intentionally. @ http://localhost:3000/:0
[ 5223896ms] [WARNING] The resource http://localhost:3000/_next/static/chunks/%5Broot-of-the-server%5D__0n99re6._.css was preloaded using link preload but not used within a few seconds from the window's load event. Please make sure it has an appropriate `as` value and it is preloaded intentionally. @ http://localhost:3000/:0
[ 5227243ms] [ERROR] Failed to load resource: net::ERR_CONNECTION_REFUSED @ http://localhost:3000/products/macbook-air-m2.png:0
[ 5227246ms] [ERROR] Failed to load resource: net::ERR_CONNECTION_REFUSED @ http://localhost:3000/products/airpods-pro-2.png:0
[ 5227253ms] [ERROR] Failed to load resource: net::ERR_CONNECTION_REFUSED @ http://localhost:3000/products/ipad-air-5.png:0
[ 5227356ms] [ERROR] WebSocket connection to 'ws://localhost:3000/_next/webpack-hmr?id=sfVXcb73z_Hrksjs2ncwC' failed: Error in connection establishment: net::ERR_CONNECTION_REFUSED @ http://localhost:3000/_next/static/chunks/node_modules_next_dist_client_0fhqo1d._.js:13322
